CustomerID,Gender,SeniorCitizen,Partner,Dependents,TenureMonths,PhoneService,InternetService,OnlineSecurity,TechSupport,ContractType,PaperlessBilling,PaymentMethod,MonthlyCharges,TotalCharges,CustomerSupportCalls,Churn
CUST-1001,Male,1,No,No,32,Yes,No,No,No,Month-to-Month,Yes,Credit Card,20.79,649.03,1,Yes
CUST-1002,Male,0,No,No,29,Yes,DSL,Yes,Yes,Two Year,No,Bank Transfer,66.95,1930.16,2,Yes
CUST-1003,Female,1,No,No,34,Yes,No,No,No,One Year,Yes,Credit Card,21.97,738.71,5,No
CUST-1004,Female,0,Yes,Yes,30,Yes,Fiber Optic,Yes,Yes,One Year,No,Credit Card,100.89,3021.29,2,No
CUST-1005,Female,0,Yes,Yes,69,Yes,Fiber Optic,No,No,One Year,Yes,Bank Transfer,106.07,7329.87,1,No
CUST-1006,Female,0,Yes,Yes,41,Yes,DSL,No,No,Month-to-Month,No,Mailed Check,66.17,2715.42,2,No
CUST-1007,Female,0,No,No,47,Yes,Fiber Optic,No,Yes,Month-to-Month,Yes,Mailed Check,100.69,4744.11,3,Yes
CUST-1008,Female,0,No,No,68,Yes,No,No,No,Month-to-Month,Yes,Bank Transfer,39.21,2659.89,2,Yes
CUST-1009,Female,1,No,No,65,Yes,No,No,No,Month-to-Month,No,Mailed Check,23.82,1558.8,4,No
CUST-1010,Male,0,No,No,3,Yes,DSL,No,Yes,Month-to-Month,Yes,Electronic Check,62.14,185.86,0,No
CUST-1011,Male,1,No,No,71,Yes,No,No,No,Two Year,No,Mailed Check,43.22,3078.83,5,Yes
CUST-1012,Female,0,No,No,57,Yes,DSL,Yes,Yes,Month-to-Month,Yes,Bank Transfer,60.53,3452.37,4,Yes
CUST-1013,Male,0,Yes,Yes,9,No,DSL,Yes,Yes,One Year,No,Mailed Check,73.48,670.25,4,No
CUST-1014,Male,0,No,No,25,Yes,No,No,No,One Year,No,Credit Card,30.28,771.55,0,No
CUST-1015,Male,1,No,No,14,Yes,Fiber Optic,No,Yes,One Year,Yes,Bank Transfer,96.57,1366.96,0,No
CUST-1016,Male,1,Yes,Yes,31,Yes,DSL,No,Yes,One Year,Yes,Mailed Check,69.47,2172.98,2,No
CUST-1017,Female,0,No,No,20,Yes,Fiber Optic,Yes,Yes,Two Year,No,Electronic Check,86.25,1724.07,4,Yes
CUST-1018,Male,0,Yes,Yes,31,Yes,No,No,No,Month-to-Month,Yes,Electronic Check,30.48,948.23,4,Yes
CUST-1019,Female,0,No,No,31,Yes,Fiber Optic,No,No,One Year,Yes,Electronic Check,96.46,3010.2,0,Yes
CUST-1020,Male,0,Yes,No,9,Yes,DSL,No,Yes,One Year,No,Electronic Check,76.7,692.48,5,Yes
CUST-1021,Male,0,Yes,Yes,35,Yes,Fiber Optic,No,Yes,Two Year,No,Credit Card,91.28,3211.13,0,Yes
CUST-1022,Female,0,Yes,Yes,43,Yes,No,No,No,One Year,Yes,Credit Card,33.79,1450.08,0,Yes
CUST-1023,Male,0,No,No,71,Yes,Fiber Optic,Yes,No,One Year,Yes,Bank Transfer,90.25,6397.73,0,No
CUST-1024,Female,0,Yes,Yes,21,No,Fiber Optic,No,Yes,Month-to-Month,No,Credit Card,105.06,2220.82,1,Yes
CUST-1025,Male,0,Yes,No,29,Yes,DSL,No,No,Month-to-Month,Yes,Electronic Check,76.5,2214.44,2,No
CUST-1026,Female,0,No,No,69,Yes,Fiber Optic,Yes,No,Month-to-Month,No,Electronic Check,87.71,6049.37,5,Yes
CUST-1027,Female,0,Yes,No,25,Yes,No,No,No,One Year,Yes,Mailed Check,29.11,710.55,5,No
CUST-1028,Female,0,Yes,No,65,Yes,DSL,No,No,Two Year,No,Mailed Check,64.8,4218.6,3,No
CUST-1029,Male,0,No,No,52,Yes,Fiber Optic,No,No,Month-to-Month,No,Bank Transfer,96.62,5021.93,1,Yes
CUST-1030,Male,0,No,No,66,Yes,No,No,No,One Year,Yes,Mailed Check,36.82,2419.11,1,Yes
CUST-1031,Male,0,No,No,10,Yes,No,No,No,Two Year,Yes,Credit Card,32.36,313.36,5,No
CUST-1032,Male,0,Yes,Yes,67,Yes,No,No,No,Month-to-Month,Yes,Credit Card,23.33,1561.7,4,No
CUST-1033,Female,0,No,No,65,Yes,No,No,No,One Year,Yes,Credit Card,31.25,2041.32,5,Yes
CUST-1034,Female,0,No,No,57,Yes,DSL,Yes,No,One Year,No,Electronic Check,63.46,3606.47,5,Yes
CUST-1035,Male,1,No,No,43,Yes,DSL,Yes,Yes,One Year,No,Electronic Check,81.42,3511.68,3,No
CUST-1036,Female,0,No,No,54,Yes,No,No,No,Two Year,Yes,Credit Card,25.49,1373.89,0,No
CUST-1037,Female,0,No,No,17,No,No,No,No,Month-to-Month,No,Electronic Check,22.1,372.84,3,Yes
CUST-1038,Female,0,Yes,No,42,Yes,DSL,No,No,One Year,Yes,Credit Card,60.48,2541.74,2,Yes
CUST-1039,Male,0,Yes,Yes,32,Yes,Fiber Optic,Yes,Yes,Month-to-Month,No,Electronic Check,99.1,3159.92,5,Yes
CUST-1040,Female,0,Yes,Yes,40,Yes,Fiber Optic,No,No,One Year,Yes,Electronic Check,99.8,4005.22,1,Yes
CUST-1041,Female,0,Yes,Yes,45,Yes,No,No,No,One Year,Yes,Bank Transfer,20.32,911.2,3,Yes
CUST-1042,Female,0,No,No,20,Yes,No,No,No,Two Year,No,Credit Card,31.62,645.43,4,Yes
CUST-1043,Male,0,Yes,No,58,Yes,DSL,No,No,Month-to-Month,No,Bank Transfer,64.55,3732.38,2,Yes
CUST-1044,Female,0,Yes,Yes,31,Yes,DSL,Yes,No,Two Year,No,Credit Card,79.82,2458.14,1,No
CUST-1045,Male,0,No,No,61,Yes,DSL,No,No,One Year,No,Bank Transfer,67.67,4117.09,5,Yes
CUST-1046,Male,0,Yes,Yes,28,Yes,DSL,No,Yes,Month-to-Month,No,Mailed Check,69.02,1924.65,5,Yes
CUST-1047,Female,1,Yes,No,17,Yes,DSL,Yes,Yes,Two Year,No,Credit Card,71.97,1217.12,0,No
CUST-1048,Female,1,Yes,No,63,Yes,No,No,No,Two Year,Yes,Mailed Check,23.73,1497.5,2,Yes
CUST-1049,Male,1,No,No,29,Yes,DSL,No,No,One Year,No,Bank Transfer,74.22,2134.79,5,Yes
CUST-1050,Male,0,No,No,11,Yes,Fiber Optic,Yes,Yes,Month-to-Month,No,Credit Card,102.23,1123.33,0,Yes
CUST-1051,Female,0,No,No,10,Yes,DSL,Yes,No,Month-to-Month,Yes,Mailed Check,82.71,840.17,0,Yes
CUST-1052,Female,0,No,No,57,Yes,No,No,No,One Year,No,Bank Transfer,32.51,1852.82,0,No
CUST-1053,Female,0,No,No,4,Yes,No,No,No,Two Year,Yes,Bank Transfer,34.41,148.16,1,No
CUST-1054,Female,0,Yes,No,63,No,DSL,No,No,One Year,No,Electronic Check,81.44,5123.91,5,Yes
CUST-1055,Female,0,Yes,No,12,Yes,DSL,Yes,No,Two Year,Yes,Credit Card,70.33,831.46,2,No
CUST-1056,Female,0,Yes,Yes,35,Yes,DSL,No,No,Month-to-Month,Yes,Mailed Check,77.74,2713.33,0,No
CUST-1057,Male,0,Yes,No,16,Yes,Fiber Optic,No,No,Two Year,No,Credit Card,105.87,1713.13,1,No
CUST-1058,Male,0,Yes,Yes,36,Yes,DSL,No,No,Month-to-Month,No,Bank Transfer,80.94,2917.04,5,Yes
CUST-1059,Male,0,No,No,45,Yes,No,No,No,One Year,No,Bank Transfer,41.74,1897.53,1,No
CUST-1060,Male,0,No,No,6,Yes,DSL,No,No,Two Year,Yes,Credit Card,84.12,489.77,4,Yes
CUST-1061,Male,0,No,No,13,Yes,DSL,Yes,Yes,One Year,Yes,Electronic Check,71.74,951.39,2,No
CUST-1062,Female,0,No,No,69,Yes,DSL,No,Yes,Two Year,Yes,Mailed Check,75.78,5245.66,1,No
CUST-1063,Female,0,Yes,No,22,Yes,Fiber Optic,Yes,No,Month-to-Month,No,Bank Transfer,94.37,2061.96,4,Yes
CUST-1064,Male,0,Yes,No,31,Yes,No,No,No,Month-to-Month,Yes,Credit Card,35.95,1112.83,5,Yes
CUST-1065,Female,0,Yes,Yes,57,No,No,No,No,One Year,No,Bank Transfer,31.42,1783.02,3,No
CUST-1066,Male,0,No,No,38,No,DSL,Yes,No,One Year,Yes,Electronic Check,82.77,3155.07,2,No
CUST-1067,Male,0,No,No,29,Yes,No,No,No,One Year,Yes,Electronic Check,42.59,1240.96,2,No
CUST-1068,Male,0,Yes,Yes,38,Yes,DSL,Yes,Yes,Month-to-Month,No,Bank Transfer,80.76,3059.16,3,No
CUST-1069,Female,0,No,No,15,Yes,Fiber Optic,Yes,Yes,Two Year,No,Bank Transfer,87.26,1304.68,2,No
CUST-1070,Female,0,No,No,49,Yes,DSL,Yes,Yes,One Year,Yes,Bank Transfer,82.88,4049.97,0,No
CUST-1071,Female,0,No,No,53,Yes,Fiber Optic,Yes,No,One Year,Yes,Electronic Check,90.87,4817.61,3,Yes
CUST-1072,Female,0,Yes,No,13,Yes,No,No,No,One Year,No,Electronic Check,37.26,473.07,3,No
CUST-1073,Female,1,No,No,70,No,No,No,No,One Year,Yes,Credit Card,26.9,1901.73,3,Yes
CUST-1074,Male,0,Yes,Yes,43,Yes,Fiber Optic,Yes,Yes,Two Year,Yes,Mailed Check,105.33,4518.51,1,No
CUST-1075,Male,0,Yes,Yes,70,Yes,Fiber Optic,Yes,Yes,Month-to-Month,Yes,Bank Transfer,104.75,7322.02,2,Yes
CUST-1076,Female,1,No,No,68,Yes,Fiber Optic,No,No,One Year,Yes,Credit Card,97.6,6654.62,0,No
CUST-1077,Female,0,Yes,Yes,62,Yes,DSL,Yes,No,Two Year,No,Electronic Check,82.48,5106.64,1,Yes
CUST-1078,Female,0,No,No,49,No,No,No,No,One Year,No,Credit Card,22.48,1109.59,5,No
CUST-1079,Male,0,Yes,No,44,Yes,DSL,No,Yes,One Year,No,Bank Transfer,76.63,3366.69,1,No
CUST-1080,Female,1,Yes,Yes,56,Yes,No,No,No,One Year,Yes,Electronic Check,34.66,1943.42,2,No
CUST-1081,Female,0,No,No,7,No,No,No,No,One Year,No,Electronic Check,34.45,229.66,5,Yes
CUST-1082,Male,0,No,No,15,Yes,No,No,No,Month-to-Month,No,Electronic Check,35.22,534.61,5,Yes
CUST-1083,Male,0,No,No,44,Yes,Fiber Optic,Yes,No,Month-to-Month,Yes,Electronic Check,87.29,3841.98,3,Yes
CUST-1084,Female,1,No,No,42,Yes,No,No,No,Two Year,Yes,Electronic Check,23.89,1013.56,0,No
CUST-1085,Female,0,No,No,63,Yes,DSL,No,Yes,Two Year,Yes,Bank Transfer,70.75,4448.58,5,No
CUST-1086,Female,1,No,No,8,Yes,DSL,Yes,Yes,One Year,No,Bank Transfer,63.0,503.9,3,Yes
CUST-1087,Female,0,Yes,No,10,Yes,No,No,No,Month-to-Month,No,Electronic Check,31.49,298.01,2,Yes
CUST-1088,Female,0,No,No,38,Yes,Fiber Optic,No,Yes,Two Year,No,Bank Transfer,87.2,3327.38,1,No
CUST-1089,Female,0,No,No,40,Yes,Fiber Optic,No,Yes,Month-to-Month,Yes,Mailed Check,107.65,4299.98,5,No
CUST-1090,Male,0,Yes,No,26,Yes,Fiber Optic,Yes,Yes,Two Year,No,Credit Card,103.86,2710.76,3,No
CUST-1091,Female,0,No,No,20,Yes,DSL,No,No,One Year,Yes,Bank Transfer,72.68,1446.02,3,Yes
CUST-1092,Female,0,Yes,Yes,65,Yes,No,No,No,Two Year,Yes,Credit Card,42.73,2780.32,1,No
CUST-1093,Female,0,Yes,No,14,Yes,DSL,Yes,Yes,Month-to-Month,Yes,Credit Card,84.77,1187.74,4,Yes
CUST-1094,Female,0,No,No,53,Yes,No,No,No,Two Year,Yes,Bank Transfer,21.65,1131.23,5,Yes
CUST-1095,Female,0,Yes,No,11,Yes,Fiber Optic,No,No,Two Year,No,Mailed Check,99.88,1116.2,2,No
CUST-1096,Female,0,Yes,No,66,Yes,DSL,No,Yes,Month-to-Month,No,Credit Card,64.8,4296.8,1,Yes
CUST-1097,Male,0,Yes,No,17,Yes,Fiber Optic,Yes,Yes,Two Year,Yes,Credit Card,86.09,1458.1,5,Yes
CUST-1098,Female,0,No,No,30,Yes,DSL,No,Yes,One Year,No,Credit Card,79.24,2388.32,4,No
CUST-1099,Male,0,Yes,No,7,Yes,DSL,Yes,Yes,One Year,Yes,Mailed Check,66.82,483.95,1,No
CUST-1100,Male,0,Yes,No,45,No,DSL,Yes,No,Two Year,No,Mailed Check,69.65,3117.51,1,Yes
CUST-1101,Male,0,No,No,19,Yes,DSL,No,Yes,Two Year,No,Credit Card,75.38,1448.45,0,No
CUST-1102,Male,0,No,No,15,Yes,Fiber Optic,No,Yes,Month-to-Month,Yes,Credit Card,100.97,1519.46,0,Yes
CUST-1103,Female,0,Yes,Yes,19,Yes,Fiber Optic,No,Yes,Two Year,No,Mailed Check,101.61,1914.01,2,Yes
CUST-1104,Male,0,No,No,6,Yes,DSL,No,Yes,One Year,Yes,Bank Transfer,66.03,402.46,0,No
CUST-1105,Female,1,No,No,70,Yes,No,No,No,Month-to-Month,No,Credit Card,35.79,2517.76,0,No
CUST-1106,Female,1,Yes,Yes,26,Yes,DSL,No,No,Two Year,No,Bank Transfer,60.92,1589.8,2,No
CUST-1107,Male,0,No,No,35,Yes,DSL,No,No,Two Year,No,Credit Card,68.48,2384.27,5,Yes
CUST-1108,Female,0,No,No,11,Yes,Fiber Optic,No,No,Month-to-Month,Yes,Bank Transfer,101.52,1108.98,4,Yes
CUST-1109,Male,0,No,No,58,Yes,DSL,No,No,Two Year,Yes,Electronic Check,76.78,4449.49,4,No
CUST-1110,Male,0,Yes,No,5,Yes,Fiber Optic,No,No,One Year,Yes,Mailed Check,101.98,527.85,2,Yes
CUST-1111,Male,0,No,No,51,Yes,DSL,Yes,Yes,Month-to-Month,Yes,Credit Card,72.94,3736.48,0,Yes
CUST-1112,Female,0,Yes,No,63,Yes,Fiber Optic,Yes,No,Month-to-Month,No,Electronic Check,105.26,6650.08,2,No
CUST-1113,Male,0,No,No,39,Yes,No,No,No,Two Year,Yes,Bank Transfer,32.72,1260.93,1,No
CUST-1114,Male,0,Yes,No,71,Yes,DSL,Yes,Yes,Month-to-Month,No,Credit Card,84.99,6043.04,4,Yes
CUST-1115,Female,0,Yes,Yes,41,Yes,DSL,No,No,Month-to-Month,Yes,Mailed Check,70.82,2920.05,0,No
CUST-1116,Male,0,Yes,No,29,Yes,No,No,No,One Year,Yes,Bank Transfer,24.91,740.64,2,Yes
CUST-1117,Female,0,Yes,Yes,20,Yes,No,No,No,Two Year,No,Electronic Check,40.63,793.73,0,No
CUST-1118,Female,0,No,No,4,Yes,No,No,No,Two Year,No,Bank Transfer,32.07,140.47,5,Yes
CUST-1119,Female,1,Yes,Yes,57,Yes,DSL,Yes,No,Two Year,Yes,Bank Transfer,81.54,4640.55,2,No
CUST-1120,Male,0,Yes,No,31,Yes,DSL,No,Yes,Month-to-Month,Yes,Electronic Check,67.26,2080.43,4,Yes
CUST-1121,Male,0,No,No,25,Yes,DSL,No,No,One Year,No,Electronic Check,62.25,1551.98,3,No
CUST-1122,Male,0,Yes,Yes,37,Yes,No,No,No,Two Year,No,Bank Transfer,33.42,1250.43,3,Yes
CUST-1123,Female,0,No,No,47,Yes,Fiber Optic,Yes,No,Two Year,No,Electronic Check,94.66,4447.03,4,Yes
CUST-1124,Male,1,Yes,No,48,Yes,DSL,No,Yes,Month-to-Month,No,Electronic Check,61.13,2919.72,2,No
CUST-1125,Female,1,Yes,No,41,Yes,No,No,No,Two Year,No,Bank Transfer,32.68,1340.27,3,No
CUST-1126,Female,0,Yes,No,43,Yes,DSL,No,Yes,Two Year,No,Bank Transfer,84.18,3631.06,4,No
CUST-1127,Male,0,Yes,No,19,Yes,Fiber Optic,Yes,Yes,Month-to-Month,Yes,Credit Card,92.84,1750.02,5,Yes
CUST-1128,Female,0,Yes,Yes,67,Yes,DSL,No,No,One Year,Yes,Credit Card,82.8,5541.29,2,No
CUST-1129,Female,0,Yes,Yes,36,Yes,Fiber Optic,No,No,Two Year,Yes,Credit Card,92.93,3339.43,5,Yes
CUST-1130,Male,0,No,No,51,Yes,Fiber Optic,No,Yes,One Year,Yes,Bank Transfer,108.1,5519.34,5,Yes
CUST-1131,Male,0,No,No,72,Yes,Fiber Optic,Yes,Yes,Month-to-Month,Yes,Mailed Check,100.95,7250.5,3,Yes
CUST-1132,Female,1,Yes,Yes,71,No,Fiber Optic,No,No,One Year,Yes,Bank Transfer,93.03,6610.97,0,No
CUST-1133,Male,0,Yes,Yes,54,Yes,Fiber Optic,Yes,No,One Year,Yes,Bank Transfer,106.92,5754.05,4,No
CUST-1134,Female,0,No,No,18,Yes,DSL,No,Yes,Month-to-Month,No,Mailed Check,78.28,1414.97,5,Yes
CUST-1135,Female,0,Yes,Yes,52,Yes,No,No,No,One Year,Yes,Credit Card,36.73,1897.35,1,No
CUST-1136,Male,1,No,No,31,Yes,DSL,No,No,Two Year,Yes,Bank Transfer,76.34,2374.25,0,No
CUST-1137,Female,0,No,No,65,No,No,No,No,One Year,Yes,Bank Transfer,29.19,1886.18,1,No
CUST-1138,Female,0,No,No,54,Yes,DSL,Yes,Yes,Two Year,Yes,Credit Card,73.2,3947.27,4,Yes
CUST-1139,Male,0,Yes,Yes,42,Yes,DSL,Yes,Yes,Two Year,No,Electronic Check,82.47,3461.56,0,No
CUST-1140,Female,0,Yes,No,40,Yes,DSL,No,Yes,Two Year,Yes,Electronic Check,61.13,2438.98,0,No
CUST-1141,Male,0,Yes,No,5,Yes,Fiber Optic,Yes,No,One Year,No,Credit Card,106.74,549.97,3,Yes
CUST-1142,Male,0,No,No,16,Yes,No,No,No,One Year,Yes,Mailed Check,40.87,664.17,2,No
CUST-1143,Female,0,Yes,Yes,59,Yes,DSL,Yes,Yes,Month-to-Month,No,Electronic Check,66.02,3877.87,4,Yes
CUST-1144,Male,0,Yes,No,57,Yes,Fiber Optic,Yes,Yes,Two Year,No,Mailed Check,105.39,6016.49,2,No
CUST-1145,Female,0,Yes,Yes,53,Yes,Fiber Optic,Yes,No,Two Year,No,Electronic Check,109.31,5811.09,5,Yes
CUST-1146,Female,0,No,No,20,Yes,Fiber Optic,No,Yes,Month-to-Month,No,Mailed Check,105.14,2119.39,4,Yes
CUST-1147,Female,0,Yes,No,32,Yes,DSL,Yes,No,One Year,Yes,Mailed Check,61.29,1956.37,4,No
CUST-1148,Male,0,Yes,No,27,Yes,DSL,No,Yes,Month-to-Month,Yes,Electronic Check,78.67,2134.26,1,No
CUST-1149,Male,0,Yes,No,37,Yes,No,No,No,Two Year,No,Bank Transfer,26.54,982.49,3,Yes
CUST-1150,Female,0,No,No,27,Yes,DSL,Yes,Yes,Two Year,Yes,Electronic Check,66.52,1813.43,4,No
CUST-1151,Female,1,No,No,30,Yes,Fiber Optic,No,No,One Year,No,Credit Card,96.52,2904.91,2,Yes
CUST-1152,Female,0,Yes,Yes,10,No,No,No,No,Month-to-Month,Yes,Credit Card,23.44,239.63,0,No
CUST-1153,Male,0,No,No,48,Yes,No,No,No,Two Year,No,Credit Card,20.39,980.01,3,Yes
CUST-1154,Female,0,No,No,3,Yes,No,No,No,Two Year,No,Mailed Check,22.68,51.89,1,Yes
CUST-1155,Female,0,No,No,51,Yes,DSL,No,Yes,Two Year,Yes,Bank Transfer,77.1,3946.01,5,No
CUST-1156,Male,1,No,No,49,Yes,Fiber Optic,Yes,Yes,Month-to-Month,No,Credit Card,101.12,4948.13,0,No
CUST-1157,Male,0,No,No,35,Yes,Fiber Optic,No,Yes,Month-to-Month,No,Electronic Check,109.04,3819.88,5,No
CUST-1158,Male,0,Yes,No,70,Yes,No,No,No,Month-to-Month,Yes,Bank Transfer,21.34,1491.28,0,Yes
CUST-1159,Female,0,No,No,4,Yes,DSL,No,Yes,One Year,No,Credit Card,64.64,262.0,3,Yes
CUST-1160,Female,0,Yes,Yes,35,Yes,No,No,No,Two Year,Yes,Credit Card,27.92,961.46,0,No
CUST-1161,Female,0,No,No,14,Yes,Fiber Optic,No,No,Two Year,No,Electronic Check,85.66,1193.4,0,No
CUST-1162,Female,0,Yes,No,53,Yes,Fiber Optic,Yes,Yes,Two Year,No,Mailed Check,88.47,4680.96,3,Yes
CUST-1163,Male,0,No,No,39,Yes,Fiber Optic,No,No,Month-to-Month,No,Mailed Check,96.45,3746.97,0,No
CUST-1164,Female,0,No,No,43,Yes,DSL,Yes,No,One Year,Yes,Credit Card,67.85,2936.13,2,No
CUST-1165,Female,0,Yes,No,49,Yes,DSL,No,Yes,Two Year,Yes,Mailed Check,77.04,3776.96,5,No
CUST-1166,Male,0,No,No,9,Yes,DSL,No,Yes,Two Year,No,Mailed Check,66.32,583.05,3,No
CUST-1167,Male,0,No,No,52,Yes,No,No,No,One Year,Yes,Bank Transfer,37.54,1964.57,4,No
CUST-1168,Male,1,Yes,No,22,Yes,Fiber Optic,No,No,One Year,Yes,Electronic Check,87.47,1913.22,5,Yes
CUST-1169,Male,0,No,No,60,Yes,No,No,No,Two Year,Yes,Bank Transfer,44.94,2695.71,2,No
CUST-1170,Male,1,Yes,No,40,Yes,Fiber Optic,No,No,One Year,Yes,Credit Card,103.05,4120.1,0,Yes
CUST-1171,Male,1,No,No,14,Yes,Fiber Optic,Yes,Yes,Two Year,Yes,Bank Transfer,99.0,1404.34,1,No
CUST-1172,Male,0,No,No,51,Yes,No,No,No,Month-to-Month,No,Credit Card,29.72,1523.91,1,Yes
CUST-1173,Male,0,Yes,No,42,Yes,Fiber Optic,No,No,Two Year,No,Credit Card,100.28,4215.24,2,No
CUST-1174,Female,0,No,No,11,Yes,DSL,Yes,Yes,One Year,Yes,Mailed Check,69.33,748.28,3,Yes
CUST-1175,Male,0,No,No,24,Yes,No,No,No,Two Year,Yes,Mailed Check,32.24,759.37,2,No
CUST-1176,Male,0,Yes,No,18,Yes,DSL,No,No,Two Year,No,Credit Card,77.75,1397.25,1,Yes
CUST-1177,Male,0,Yes,No,5,Yes,No,No,No,One Year,Yes,Credit Card,34.14,181.6,3,Yes
CUST-1178,Male,0,No,No,70,Yes,DSL,Yes,No,Two Year,Yes,Credit Card,62.56,4392.4,1,No
CUST-1179,Male,0,No,No,12,Yes,Fiber Optic,Yes,Yes,Two Year,No,Credit Card,89.15,1055.37,1,No
CUST-1180,Male,0,No,No,69,Yes,No,No,No,One Year,No,Bank Transfer,43.81,3023.47,5,No
CUST-1181,Male,0,No,No,8,No,No,No,No,Month-to-Month,Yes,Mailed Check,23.66,182.16,1,No
CUST-1182,Female,0,No,No,54,Yes,Fiber Optic,Yes,No,Two Year,No,Bank Transfer,96.37,5203.5,4,Yes
CUST-1183,Male,0,No,No,46,Yes,No,No,No,One Year,Yes,Credit Card,40.62,1868.31,2,No
CUST-1184,Female,0,Yes,No,44,Yes,Fiber Optic,Yes,Yes,Two Year,No,Electronic Check,88.11,3891.15,3,Yes
CUST-1185,Female,0,Yes,No,21,Yes,DSL,Yes,No,One Year,Yes,Bank Transfer,76.61,1614.77,0,No
CUST-1186,Female,0,Yes,No,12,Yes,Fiber Optic,Yes,No,Month-to-Month,Yes,Mailed Check,97.99,1173.68,0,No
CUST-1187,Male,0,No,No,17,Yes,Fiber Optic,No,Yes,Two Year,Yes,Electronic Check,92.83,1593.35,1,No
CUST-1188,Male,0,Yes,Yes,68,Yes,No,No,No,Two Year,Yes,Credit Card,28.78,1945.56,5,Yes
CUST-1189,Female,0,No,No,28,Yes,Fiber Optic,Yes,Yes,Two Year,No,Bank Transfer,109.08,3046.82,1,Yes
CUST-1190,Male,0,No,No,4,Yes,No,No,No,One Year,Yes,Mailed Check,38.7,146.62,0,No
CUST-1191,Male,0,Yes,Yes,64,Yes,Fiber Optic,Yes,No,One Year,Yes,Credit Card,106.52,6820.02,2,No
CUST-1192,Male,0,Yes,Yes,9,Yes,Fiber Optic,Yes,Yes,One Year,No,Credit Card,95.59,856.4,5,Yes
CUST-1193,Male,0,No,No,11,Yes,Fiber Optic,Yes,No,One Year,Yes,Bank Transfer,102.47,1136.37,1,Yes
CUST-1194,Male,0,Yes,No,8,Yes,No,No,No,Two Year,Yes,Electronic Check,20.32,148.05,0,Yes
CUST-1195,Female,0,No,No,22,Yes,No,No,No,One Year,Yes,Electronic Check,28.38,621.53,4,Yes
CUST-1196,Male,0,No,No,8,Yes,No,No,No,Month-to-Month,No,Mailed Check,26.38,195.16,4,Yes
CUST-1197,Male,0,Yes,Yes,2,Yes,DSL,No,No,Month-to-Month,Yes,Electronic Check,73.82,164.2,5,Yes
CUST-1198,Male,0,No,No,41,Yes,Fiber Optic,No,Yes,Two Year,Yes,Mailed Check,90.58,3714.41,0,No
CUST-1199,Male,0,No,No,40,Yes,No,No,No,One Year,Yes,Bank Transfer,25.02,1003.35,2,No
CUST-1200,Male,0,No,No,26,Yes,No,No,No,Month-to-Month,Yes,Electronic Check,43.31,1107.02,4,Yes
CUST-1201,Male,0,Yes,No,40,Yes,No,No,No,Month-to-Month,No,Credit Card,44.03,1780.1,1,No
CUST-1202,Male,1,Yes,No,48,Yes,No,No,No,Month-to-Month,Yes,Mailed Check,35.93,1720.41,4,Yes
CUST-1203,Female,0,Yes,Yes,38,Yes,DSL,No,No,One Year,No,Bank Transfer,65.84,2519.66,1,No
CUST-1204,Male,1,Yes,No,60,Yes,Fiber Optic,No,Yes,One Year,No,Credit Card,91.63,5482.6,1,No
CUST-1205,Female,0,Yes,Yes,42,Yes,No,No,No,Month-to-Month,No,Credit Card,32.84,1386.37,2,No
CUST-1206,Male,1,No,No,58,Yes,No,No,No,Month-to-Month,Yes,Credit Card,22.55,1319.65,0,Yes
CUST-1207,Male,1,No,No,48,Yes,No,No,No,Month-to-Month,No,Electronic Check,20.55,968.98,5,Yes
CUST-1208,Male,1,No,No,16,Yes,DSL,Yes,Yes,Two Year,No,Credit Card,72.4,1153.71,3,Yes
CUST-1209,Male,0,No,No,36,Yes,Fiber Optic,Yes,Yes,Two Year,No,Credit Card,95.3,3432.83,0,Yes
CUST-1210,Female,1,Yes,Yes,70,Yes,DSL,No,No,Two Year,No,Bank Transfer,82.82,5797.5,3,Yes
CUST-1211,Male,0,Yes,Yes,36,Yes,DSL,No,Yes,Month-to-Month,Yes,Mailed Check,76.42,2741.78,5,Yes
CUST-1212,Male,0,No,No,46,No,Fiber Optic,Yes,Yes,Two Year,No,Bank Transfer,107.85,4942.23,5,Yes
CUST-1213,Male,0,Yes,No,70,Yes,DSL,Yes,Yes,Month-to-Month,Yes,Mailed Check,60.5,4234.12,2,No
CUST-1214,Male,0,No,No,23,No,DSL,Yes,Yes,Month-to-Month,Yes,Electronic Check,81.16,1881.11,0,Yes
CUST-1215,Female,0,No,No,39,Yes,Fiber Optic,No,No,Two Year,No,Mailed Check,102.68,4007.0,4,No
CUST-1216,Male,0,Yes,No,40,Yes,DSL,Yes,Yes,Two Year,Yes,Credit Card,81.27,3261.63,4,Yes
CUST-1217,Female,0,Yes,Yes,64,Yes,No,No,No,Month-to-Month,Yes,Bank Transfer,44.56,2838.56,0,No
CUST-1218,Female,0,No,No,27,Yes,Fiber Optic,No,No,Month-to-Month,Yes,Electronic Check,94.65,2564.85,1,No
CUST-1219,Female,0,No,No,70,Yes,DSL,Yes,Yes,One Year,Yes,Electronic Check,67.37,4708.65,0,Yes
CUST-1220,Male,0,Yes,Yes,71,No,Fiber Optic,No,No,Two Year,Yes,Credit Card,108.56,7694.36,3,Yes
CUST-1221,Male,0,Yes,No,71,Yes,No,No,No,Two Year,No,Bank Transfer,27.44,1932.08,3,No
CUST-1222,Female,1,No,No,1,Yes,DSL,No,Yes,Month-to-Month,Yes,Mailed Check,64.27,55.94,0,Yes
CUST-1223,Male,0,No,No,61,Yes,No,No,No,One Year,Yes,Credit Card,24.62,1517.24,2,Yes
CUST-1224,Male,0,No,No,34,Yes,DSL,Yes,Yes,Two Year,Yes,Electronic Check,76.7,2620.13,3,No
CUST-1225,Male,0,No,No,67,Yes,No,No,No,Two Year,No,Mailed Check,31.91,2121.13,5,Yes
CUST-1226,Male,1,No,No,23,No,Fiber Optic,Yes,Yes,Month-to-Month,Yes,Credit Card,86.96,2007.41,1,No
CUST-1227,Male,0,No,No,41,No,Fiber Optic,Yes,No,Two Year,No,Bank Transfer,106.42,4364.01,0,No
CUST-1228,Female,1,Yes,Yes,13,No,No,No,No,Month-to-Month,No,Bank Transfer,41.95,535.92,5,Yes
CUST-1229,Female,1,No,No,52,Yes,No,No,No,Two Year,No,Electronic Check,29.89,1569.44,5,Yes
CUST-1230,Female,0,No,No,3,Yes,DSL,No,No,One Year,Yes,Mailed Check,63.36,209.05,3,No
CUST-1231,Female,0,No,No,12,Yes,Fiber Optic,No,No,Two Year,No,Electronic Check,97.88,1160.92,2,No
CUST-1232,Female,1,Yes,Yes,25,Yes,Fiber Optic,Yes,Yes,Month-to-Month,No,Electronic Check,107.95,2706.94,2,Yes
CUST-1233,Female,0,Yes,Yes,31,Yes,No,No,No,One Year,Yes,Credit Card,34.67,1068.76,1,No
CUST-1234,Female,0,Yes,No,4,Yes,Fiber Optic,Yes,Yes,Two Year,Yes,Mailed Check,91.73,363.3,0,No
CUST-1235,Male,0,Yes,Yes,2,Yes,No,No,No,One Year,No,Credit Card,42.39,98.84,3,Yes
CUST-1236,Female,0,No,No,14,Yes,No,No,No,One Year,No,Bank Transfer,37.11,518.81,2,No
CUST-1237,Female,0,No,No,39,Yes,No,No,No,Month-to-Month,Yes,Credit Card,36.51,1431.12,5,Yes
CUST-1238,Female,0,No,No,54,Yes,No,No,No,Month-to-Month,Yes,Bank Transfer,38.16,2049.53,4,Yes
CUST-1239,Female,0,No,No,65,Yes,Fiber Optic,Yes,No,Month-to-Month,No,Mailed Check,103.52,6737.81,4,Yes
CUST-1240,Male,0,No,No,12,Yes,Fiber Optic,No,No,One Year,No,Bank Transfer,99.64,1194.23,0,No
CUST-1241,Male,0,Yes,Yes,49,Yes,DSL,Yes,Yes,Month-to-Month,Yes,Bank Transfer,70.23,3444.05,3,Yes
CUST-1242,Male,0,No,No,43,Yes,Fiber Optic,No,Yes,Month-to-Month,No,Bank Transfer,90.23,3890.83,4,Yes
CUST-1243,Female,0,Yes,Yes,56,Yes,DSL,No,No,One Year,Yes,Electronic Check,73.34,4116.27,0,No
CUST-1244,Male,1,Yes,Yes,29,Yes,DSL,No,Yes,Month-to-Month,No,Bank Transfer,64.18,1874.17,2,No
CUST-1245,Female,0,No,No,56,Yes,Fiber Optic,No,No,One Year,Yes,Mailed Check,108.7,6103.93,3,Yes
CUST-1246,Male,0,Yes,Yes,3,Yes,Fiber Optic,Yes,No,Two Year,Yes,Credit Card,106.91,310.96,4,Yes
CUST-1247,Male,0,Yes,Yes,15,Yes,DSL,Yes,No,One Year,Yes,Mailed Check,77.38,1165.91,2,No
CUST-1248,Male,0,No,No,18,Yes,Fiber Optic,Yes,No,Month-to-Month,Yes,Credit Card,89.97,1607.45,2,No
CUST-1249,Male,0,No,No,38,Yes,No,No,No,One Year,Yes,Credit Card,28.27,1054.37,5,Yes
CUST-1250,Male,0,No,No,20,No,No,No,No,Month-to-Month,Yes,Bank Transfer,36.11,720.47,2,Yes
CUST-1251,Male,1,Yes,Yes,38,Yes,No,No,No,One Year,No,Electronic Check,22.37,860.39,0,Yes
CUST-1252,Male,0,Yes,No,46,Yes,No,No,No,One Year,Yes,Bank Transfer,40.37,1844.33,3,Yes
CUST-1253,Female,0,No,No,62,Yes,No,No,No,Month-to-Month,Yes,Mailed Check,37.4,2301.15,1,Yes
CUST-1254,Female,0,No,No,24,Yes,DSL,Yes,Yes,One Year,No,Electronic Check,82.19,1970.19,0,No
CUST-1255,Female,1,Yes,No,67,Yes,No,No,No,Two Year,Yes,Credit Card,36.54,2438.12,2,No
CUST-1256,Female,1,Yes,Yes,21,Yes,DSL,No,Yes,Month-to-Month,No,Bank Transfer,66.02,1405.23,0,No
CUST-1257,Female,0,Yes,Yes,59,Yes,No,No,No,One Year,Yes,Credit Card,31.18,1824.37,3,No
CUST-1258,Male,1,No,No,5,Yes,Fiber Optic,Yes,No,Two Year,Yes,Credit Card,108.76,538.33,0,No
CUST-1259,Female,0,No,No,47,Yes,Fiber Optic,Yes,Yes,Month-to-Month,No,Bank Transfer,105.75,4988.83,2,Yes
CUST-1260,Female,0,Yes,Yes,64,Yes,No,No,No,Two Year,No,Electronic Check,26.36,1674.88,0,No
CUST-1261,Female,0,Yes,No,14,Yes,Fiber Optic,Yes,No,One Year,Yes,Credit Card,85.11,1200.99,4,No
CUST-1262,Female,0,Yes,Yes,17,Yes,No,No,No,Two Year,No,Credit Card,30.47,522.35,5,No
CUST-1263,Female,0,No,No,38,Yes,Fiber Optic,Yes,No,Two Year,No,Bank Transfer,102.8,3923.82,5,Yes
CUST-1264,Male,0,No,No,45,No,Fiber Optic,Yes,No,Two Year,Yes,Bank Transfer,99.06,4461.01,5,No
CUST-1265,Female,0,No,No,2,Yes,Fiber Optic,No,Yes,Month-to-Month,Yes,Mailed Check,91.67,194.76,2,Yes
CUST-1266,Male,0,No,No,27,Yes,Fiber Optic,No,No,Month-to-Month,Yes,Credit Card,90.94,2466.75,5,Yes
CUST-1267,Male,0,No,No,54,No,No,No,No,One Year,Yes,Electronic Check,38.59,2071.98,3,No
CUST-1268,Female,0,Yes,Yes,38,Yes,No,No,No,Month-to-Month,Yes,Mailed Check,38.38,1443.21,0,Yes
CUST-1269,Female,1,No,No,1,Yes,No,No,No,Month-to-Month,Yes,Mailed Check,43.22,47.1,5,Yes
CUST-1270,Female,0,No,No,10,Yes,DSL,Yes,Yes,Two Year,Yes,Mailed Check,70.4,705.48,0,No
CUST-1271,Male,0,No,No,47,Yes,No,No,No,Two Year,No,Electronic Check,22.87,1068.73,1,No
CUST-1272,Male,0,No,No,49,No,Fiber Optic,No,No,Two Year,No,Electronic Check,107.78,5294.1,2,No
CUST-1273,Female,0,No,No,25,Yes,Fiber Optic,Yes,Yes,Two Year,Yes,Electronic Check,90.27,2261.93,1,No
CUST-1274,Female,0,Yes,No,10,Yes,Fiber Optic,Yes,No,Two Year,No,Electronic Check,87.19,854.07,2,No
CUST-1275,Male,0,No,No,50,Yes,DSL,No,No,Month-to-Month,No,Electronic Check,73.37,3674.16,4,Yes
CUST-1276,Male,0,Yes,No,65,Yes,No,No,No,One Year,Yes,Bank Transfer,39.13,2540.96,3,No
CUST-1277,Male,0,Yes,Yes,51,Yes,No,No,No,One Year,Yes,Bank Transfer,36.93,1900.0,5,No
CUST-1278,Male,0,Yes,Yes,6,Yes,No,No,No,One Year,Yes,Bank Transfer,25.25,161.16,5,Yes
CUST-1279,Female,0,Yes,Yes,24,Yes,DSL,Yes,Yes,Month-to-Month,Yes,Credit Card,76.12,1809.81,5,Yes
CUST-1280,Male,0,No,No,43,Yes,No,No,No,Two Year,Yes,Electronic Check,27.13,1149.38,1,No
CUST-1281,Female,0,No,No,20,Yes,DSL,No,No,Month-to-Month,Yes,Bank Transfer,66.15,1311.86,5,Yes
CUST-1282,Female,0,Yes,No,62,Yes,DSL,No,No,Two Year,Yes,Mailed Check,76.14,4703.96,2,No
CUST-1283,Male,0,Yes,No,10,Yes,Fiber Optic,Yes,No,Two Year,Yes,Electronic Check,98.79,989.64,4,Yes
CUST-1284,Male,0,Yes,No,18,Yes,No,No,No,Month-to-Month,No,Bank Transfer,32.55,592.41,4,Yes
CUST-1285,Male,0,Yes,Yes,62,No,Fiber Optic,Yes,No,Month-to-Month,Yes,Bank Transfer,94.24,5824.59,1,Yes
CUST-1286,Female,0,No,No,6,Yes,No,No,No,One Year,Yes,Bank Transfer,40.87,235.75,4,Yes
CUST-1287,Female,0,No,No,10,Yes,DSL,Yes,No,One Year,No,Credit Card,79.82,813.69,0,No
CUST-1288,Male,0,Yes,Yes,66,Yes,Fiber Optic,Yes,Yes,Month-to-Month,No,Electronic Check,101.53,6697.56,2,No
CUST-1289,Female,0,No,No,27,Yes,No,No,No,One Year,Yes,Mailed Check,21.08,572.1,1,Yes
CUST-1290,Male,0,Yes,Yes,22,Yes,Fiber Optic,No,Yes,Two Year,No,Electronic Check,90.41,1993.28,3,No
CUST-1291,Male,0,No,No,19,Yes,Fiber Optic,No,Yes,Two Year,No,Credit Card,99.91,1881.04,3,Yes
CUST-1292,Male,1,No,No,20,Yes,Fiber Optic,No,Yes,Two Year,Yes,Electronic Check,97.06,1926.41,4,No
CUST-1293,Male,0,No,No,67,Yes,Fiber Optic,No,Yes,One Year,No,Bank Transfer,99.73,6691.57,5,No
CUST-1294,Female,1,No,No,30,No,Fiber Optic,No,No,One Year,Yes,Electronic Check,102.73,3093.48,4,Yes
CUST-1295,Male,0,Yes,No,53,Yes,Fiber Optic,No,No,One Year,No,Bank Transfer,100.3,5335.57,3,No
CUST-1296,Female,0,No,No,23,Yes,No,No,No,One Year,No,Bank Transfer,34.44,803.09,3,No
CUST-1297,Male,0,No,No,21,Yes,No,No,No,One Year,No,Electronic Check,24.02,523.0,0,No
CUST-1298,Male,0,No,No,12,Yes,Fiber Optic,No,Yes,Two Year,Yes,Credit Card,108.27,1295.27,5,No
CUST-1299,Male,0,Yes,No,57,Yes,No,No,No,Two Year,No,Mailed Check,20.84,1191.86,4,No
CUST-1300,Male,0,No,No,31,Yes,Fiber Optic,Yes,No,One Year,No,Credit Card,95.14,2937.35,0,No
CUST-1301,Male,0,No,No,72,No,DSL,No,No,Month-to-Month,Yes,Credit Card,83.24,5996.28,2,Yes
CUST-1302,Male,0,No,No,44,No,No,No,No,One Year,No,Credit Card,44.15,1945.13,1,No
CUST-1303,Female,0,Yes,No,15,Yes,DSL,Yes,Yes,One Year,No,Bank Transfer,72.91,1074.04,2,No
CUST-1304,Male,0,No,No,10,Yes,Fiber Optic,No,No,One Year,Yes,Bank Transfer,89.57,905.55,1,Yes
CUST-1305,Male,0,Yes,No,27,Yes,Fiber Optic,No,Yes,Month-to-Month,Yes,Electronic Check,101.9,2757.84,4,Yes
CUST-1306,Male,0,No,No,41,Yes,No,No,No,One Year,No,Mailed Check,44.61,1845.65,2,No
CUST-1307,Male,1,No,No,62,No,Fiber Optic,No,No,Two Year,Yes,Credit Card,109.41,6791.35,3,Yes
CUST-1308,Male,1,Yes,No,13,Yes,No,No,No,One Year,Yes,Bank Transfer,25.93,335.94,4,Yes
CUST-1309,Male,0,Yes,No,48,Yes,DSL,No,No,Month-to-Month,Yes,Mailed Check,80.35,3865.63,1,No
CUST-1310,Female,0,Yes,No,2,Yes,DSL,Yes,No,One Year,No,Bank Transfer,74.05,150.81,3,Yes
CUST-1311,Male,1,No,No,61,Yes,Fiber Optic,No,No,One Year,No,Bank Transfer,99.01,6056.88,2,Yes
CUST-1312,Female,1,Yes,Yes,37,Yes,No,No,No,Two Year,No,Credit Card,42.24,1558.12,2,No
CUST-1313,Male,0,No,No,54,Yes,No,No,No,One Year,Yes,Electronic Check,24.05,1287.83,2,No
CUST-1314,Female,0,No,No,35,Yes,DSL,No,No,Month-to-Month,Yes,Electronic Check,63.13,2198.94,2,No
CUST-1315,Male,0,No,No,14,Yes,DSL,Yes,Yes,One Year,Yes,Electronic Check,66.56,918.05,5,No
CUST-1316,Female,0,Yes,No,57,Yes,Fiber Optic,Yes,Yes,Month-to-Month,No,Bank Transfer,106.61,6075.46,4,No
CUST-1317,Female,1,Yes,No,56,Yes,No,No,No,Two Year,No,Bank Transfer,32.04,1783.33,0,No
CUST-1318,Female,0,Yes,No,2,Yes,Fiber Optic,No,No,One Year,Yes,Credit Card,108.67,216.42,0,No
CUST-1319,Female,0,Yes,No,25,Yes,No,No,No,One Year,No,Mailed Check,24.08,611.48,3,No
CUST-1320,Male,0,No,No,31,Yes,No,No,No,Two Year,No,Bank Transfer,36.21,1123.79,2,No
CUST-1321,Male,0,No,No,15,Yes,No,No,No,One Year,No,Credit Card,24.69,351.13,0,No
CUST-1322,Male,0,Yes,No,35,Yes,DSL,Yes,Yes,Month-to-Month,Yes,Electronic Check,72.34,2525.58,2,No
CUST-1323,Female,0,No,No,5,Yes,Fiber Optic,Yes,No,One Year,Yes,Credit Card,89.54,463.53,2,No
CUST-1324,Male,1,Yes,No,57,Yes,Fiber Optic,Yes,No,Two Year,Yes,Mailed Check,96.82,5526.0,2,No
CUST-1325,Male,0,Yes,Yes,33,Yes,DSL,Yes,No,Month-to-Month,Yes,Electronic Check,65.9,2172.07,0,Yes
CUST-1326,Female,0,No,No,32,Yes,Fiber Optic,No,Yes,One Year,Yes,Mailed Check,88.94,2829.74,4,Yes
CUST-1327,Male,1,Yes,Yes,17,Yes,DSL,No,No,Two Year,Yes,Electronic Check,77.23,1307.24,1,No
CUST-1328,Male,0,No,No,72,Yes,No,No,No,One Year,Yes,Mailed Check,33.59,2411.43,3,Yes
CUST-1329,Male,1,Yes,No,38,Yes,No,No,No,One Year,No,Electronic Check,39.4,1497.44,5,Yes
CUST-1330,Male,0,No,No,31,Yes,Fiber Optic,No,Yes,Two Year,No,Mailed Check,100.33,3103.13,5,Yes
CUST-1331,Male,0,Yes,Yes,17,Yes,Fiber Optic,Yes,Yes,One Year,Yes,Electronic Check,85.8,1464.27,3,No
CUST-1332,Female,1,Yes,Yes,2,No,Fiber Optic,No,Yes,One Year,Yes,Bank Transfer,98.95,215.43,3,No
CUST-1333,Male,0,No,No,68,Yes,Fiber Optic,No,Yes,Month-to-Month,Yes,Electronic Check,103.13,7014.11,1,Yes
CUST-1334,Male,0,Yes,No,14,Yes,No,No,No,One Year,No,Credit Card,42.07,575.65,1,No
CUST-1335,Female,0,No,No,46,No,No,No,No,One Year,No,Credit Card,39.1,1795.82,5,Yes
CUST-1336,Male,0,Yes,No,71,No,DSL,No,No,One Year,No,Electronic Check,78.16,5568.68,4,Yes
CUST-1337,Male,0,No,No,1,Yes,Fiber Optic,Yes,No,Month-to-Month,No,Mailed Check,87.36,85.77,1,Yes
CUST-1338,Female,0,Yes,Yes,33,Yes,Fiber Optic,No,Yes,Two Year,Yes,Bank Transfer,104.82,3445.98,5,No
CUST-1339,Male,0,No,No,5,Yes,No,No,No,One Year,Yes,Electronic Check,43.05,208.63,3,Yes
CUST-1340,Male,0,Yes,Yes,49,Yes,No,No,No,Month-to-Month,No,Mailed Check,28.17,1388.24,1,Yes
CUST-1341,Female,0,Yes,Yes,56,Yes,DSL,Yes,Yes,One Year,Yes,Credit Card,74.29,4142.21,3,Yes
CUST-1342,Female,0,Yes,Yes,62,Yes,DSL,No,Yes,Two Year,Yes,Mailed Check,61.79,3842.05,2,No
CUST-1343,Male,1,No,No,55,Yes,Fiber Optic,No,No,Two Year,Yes,Bank Transfer,89.23,4901.64,3,No
CUST-1344,Female,1,Yes,Yes,48,Yes,No,No,No,Month-to-Month,Yes,Electronic Check,26.08,1256.68,1,No
CUST-1345,Female,1,Yes,No,58,Yes,DSL,Yes,Yes,Month-to-Month,No,Credit Card,75.58,4403.33,5,Yes
CUST-1346,Male,0,Yes,No,22,Yes,Fiber Optic,No,Yes,One Year,Yes,Electronic Check,94.72,2074.69,5,Yes
CUST-1347,Male,1,No,No,30,No,No,No,No,Two Year,Yes,Bank Transfer,32.12,967.48,0,Yes
CUST-1348,Female,0,Yes,Yes,32,No,DSL,No,No,One Year,Yes,Electronic Check,68.67,2191.52,5,Yes
CUST-1349,Female,0,No,No,50,Yes,Fiber Optic,No,Yes,Month-to-Month,No,Credit Card,101.42,5054.51,3,Yes
CUST-1350,Male,0,Yes,No,40,No,DSL,No,Yes,Month-to-Month,Yes,Mailed Check,81.56,3254.76,5,No
CUST-1351,Male,0,Yes,Yes,41,Yes,No,No,No,Two Year,Yes,Mailed Check,27.94,1160.73,5,Yes
CUST-1352,Female,0,No,No,53,Yes,No,No,No,Two Year,No,Mailed Check,39.48,2076.71,1,Yes
CUST-1353,Female,0,Yes,Yes,30,Yes,DSL,Yes,No,Month-to-Month,No,Bank Transfer,64.6,1933.5,3,Yes
CUST-1354,Male,0,No,No,2,No,DSL,Yes,Yes,Month-to-Month,Yes,Mailed Check,83.18,185.79,4,Yes
CUST-1355,Female,0,Yes,No,52,Yes,No,No,No,Two Year,No,Bank Transfer,29.85,1569.77,4,No
CUST-1356,Male,0,No,No,59,Yes,Fiber Optic,Yes,No,Two Year,Yes,Credit Card,97.9,5781.33,0,Yes
CUST-1357,Female,0,No,No,37,Yes,DSL,No,Yes,Two Year,Yes,Credit Card,80.75,2985.82,5,No
CUST-1358,Male,0,Yes,No,53,Yes,Fiber Optic,Yes,No,Two Year,Yes,Credit Card,87.25,4617.21,5,No
CUST-1359,Male,0,Yes,Yes,15,Yes,No,No,No,One Year,Yes,Credit Card,38.17,591.56,4,No
CUST-1360,Female,0,Yes,Yes,43,Yes,No,No,No,Month-to-Month,Yes,Mailed Check,24.47,1060.69,3,Yes
CUST-1361,Female,0,Yes,Yes,17,No,Fiber Optic,No,Yes,One Year,No,Credit Card,98.59,1656.26,3,Yes
CUST-1362,Female,0,No,No,11,Yes,Fiber Optic,Yes,No,Two Year,Yes,Electronic Check,89.62,968.02,2,Yes
CUST-1363,Male,0,No,No,43,No,Fiber Optic,Yes,No,Month-to-Month,Yes,Bank Transfer,100.28,4319.7,4,Yes
CUST-1364,Male,0,No,No,5,Yes,DSL,No,No,One Year,Yes,Credit Card,81.08,388.0,3,Yes
CUST-1365,Female,0,No,No,68,Yes,Fiber Optic,Yes,Yes,Two Year,Yes,Credit Card,103.1,7014.99,5,Yes
CUST-1366,Female,0,No,No,17,Yes,DSL,No,No,Month-to-Month,Yes,Bank Transfer,84.48,1416.22,0,Yes
CUST-1367,Male,0,Yes,No,53,Yes,DSL,Yes,Yes,Two Year,Yes,Bank Transfer,66.36,3499.79,2,No
CUST-1368,Female,0,Yes,No,44,Yes,No,No,No,Two Year,Yes,Mailed Check,24.85,1106.75,5,Yes
CUST-1369,Female,0,Yes,No,20,Yes,No,No,No,One Year,No,Credit Card,43.19,846.04,4,Yes
CUST-1370,Female,0,Yes,Yes,43,Yes,DSL,Yes,Yes,One Year,Yes,Bank Transfer,84.59,3642.43,1,No
CUST-1371,Female,0,Yes,No,41,Yes,DSL,No,Yes,One Year,Yes,Bank Transfer,71.3,2941.33,1,No
CUST-1372,Male,1,Yes,Yes,12,Yes,Fiber Optic,No,Yes,Month-to-Month,No,Credit Card,103.31,1240.67,2,Yes
CUST-1373,Male,0,Yes,Yes,5,Yes,No,No,No,Two Year,Yes,Electronic Check,27.77,120.61,4,No
CUST-1374,Female,0,Yes,Yes,67,Yes,No,No,No,One Year,Yes,Bank Transfer,35.97,2398.38,1,Yes
CUST-1375,Female,0,No,No,16,Yes,Fiber Optic,No,Yes,Month-to-Month,Yes,Mailed Check,98.56,1578.93,2,Yes
CUST-1376,Female,0,Yes,Yes,40,Yes,DSL,No,Yes,Month-to-Month,Yes,Credit Card,82.58,3285.22,3,Yes
CUST-1377,Female,0,No,No,46,Yes,Fiber Optic,Yes,No,Two Year,Yes,Electronic Check,105.32,4861.51,3,Yes
CUST-1378,Female,0,No,No,61,Yes,Fiber Optic,Yes,No,One Year,No,Mailed Check,102.49,6258.5,2,No
CUST-1379,Male,1,Yes,No,62,Yes,Fiber Optic,No,No,Two Year,Yes,Electronic Check,95.14,5907.25,0,Yes
CUST-1380,Male,0,No,No,52,Yes,Fiber Optic,Yes,Yes,One Year,No,Electronic Check,93.52,4875.6,4,Yes
CUST-1381,Female,0,No,No,70,Yes,Fiber Optic,Yes,No,Month-to-Month,No,Bank Transfer,98.88,6934.48,1,Yes
CUST-1382,Female,1,Yes,No,42,Yes,No,No,No,Month-to-Month,Yes,Mailed Check,40.43,1713.55,5,No
CUST-1383,Male,0,No,No,69,Yes,No,No,No,Two Year,No,Mailed Check,25.14,1749.76,2,No
CUST-1384,Female,0,No,No,45,No,No,No,No,Month-to-Month,No,Mailed Check,41.31,1841.45,4,No
CUST-1385,Male,0,No,No,15,Yes,Fiber Optic,Yes,No,Two Year,No,Bank Transfer,102.79,1538.09,3,Yes
CUST-1386,Male,0,Yes,No,47,Yes,Fiber Optic,No,Yes,Month-to-Month,Yes,Electronic Check,101.21,4742.63,3,Yes
CUST-1387,Male,1,No,No,59,Yes,No,No,No,Two Year,No,Mailed Check,31.36,1847.2,3,Yes
CUST-1388,Male,0,Yes,No,31,Yes,DSL,No,No,Month-to-Month,Yes,Credit Card,77.62,2390.75,3,No
CUST-1389,Male,1,No,No,60,Yes,No,No,No,Two Year,Yes,Mailed Check,31.81,1918.27,5,Yes
CUST-1390,Female,0,No,No,69,Yes,DSL,No,No,Two Year,No,Credit Card,68.82,4767.69,2,No
CUST-1391,Male,0,No,No,34,Yes,DSL,Yes,Yes,Two Year,No,Electronic Check,67.17,2267.08,4,Yes
CUST-1392,Female,0,No,No,36,Yes,Fiber Optic,Yes,Yes,Two Year,Yes,Credit Card,94.24,3379.66,5,Yes
CUST-1393,Male,0,Yes,No,11,No,No,No,No,Month-to-Month,No,Credit Card,39.26,421.38,3,Yes
CUST-1394,Male,0,No,No,7,Yes,Fiber Optic,Yes,Yes,One Year,No,Credit Card,92.53,657.56,4,Yes
CUST-1395,Female,0,Yes,No,2,Yes,DSL,No,No,Two Year,Yes,Electronic Check,82.94,171.38,3,Yes
CUST-1396,Female,0,No,No,13,Yes,No,No,No,One Year,No,Mailed Check,38.36,502.23,1,No
CUST-1397,Male,0,Yes,Yes,9,Yes,Fiber Optic,Yes,No,One Year,Yes,Bank Transfer,91.3,803.06,4,Yes
CUST-1398,Male,0,Yes,Yes,12,Yes,Fiber Optic,No,Yes,Month-to-Month,Yes,Bank Transfer,92.36,1114.74,0,No
CUST-1399,Female,0,No,No,33,Yes,Fiber Optic,No,Yes,One Year,No,Bank Transfer,109.9,3617.03,2,Yes
CUST-1400,Male,0,Yes,No,23,Yes,Fiber Optic,Yes,No,Month-to-Month,Yes,Credit Card,102.89,2350.6,0,Yes
CUST-1401,Female,0,Yes,No,20,Yes,Fiber Optic,Yes,No,One Year,Yes,Bank Transfer,107.62,2155.39,4,No
CUST-1402,Female,0,No,No,9,Yes,Fiber Optic,No,No,Month-to-Month,No,Bank Transfer,102.05,914.47,5,No
CUST-1403,Male,0,No,No,11,Yes,DSL,Yes,Yes,Two Year,Yes,Credit Card,76.52,833.67,3,No
CUST-1404,Female,0,No,No,25,Yes,Fiber Optic,Yes,Yes,One Year,No,Electronic Check,104.82,2626.24,3,No
CUST-1405,Female,0,Yes,Yes,44,Yes,No,No,No,Month-to-Month,No,Electronic Check,25.29,1118.91,4,Yes
CUST-1406,Male,0,Yes,Yes,5,Yes,DSL,Yes,No,Two Year,Yes,Mailed Check,77.53,372.87,1,No
CUST-1407,Female,0,Yes,No,22,Yes,Fiber Optic,Yes,Yes,One Year,Yes,Electronic Check,105.11,2309.47,5,No
CUST-1408,Female,1,Yes,No,28,Yes,No,No,No,Month-to-Month,No,Electronic Check,23.02,630.21,3,Yes
CUST-1409,Female,0,No,No,32,No,Fiber Optic,Yes,Yes,Two Year,No,Mailed Check,85.39,2731.96,0,Yes
CUST-1410,Male,0,No,No,54,Yes,DSL,Yes,Yes,Month-to-Month,No,Credit Card,70.3,3813.72,4,Yes
CUST-1411,Male,0,Yes,No,45,Yes,No,No,No,Month-to-Month,Yes,Electronic Check,44.67,2029.22,4,Yes
CUST-1412,Male,0,Yes,No,7,Yes,Fiber Optic,No,No,Month-to-Month,Yes,Electronic Check,86.35,599.02,1,Yes
CUST-1413,Female,0,No,No,6,Yes,Fiber Optic,Yes,Yes,Month-to-Month,No,Electronic Check,86.77,510.03,3,Yes
CUST-1414,Female,0,No,No,30,Yes,DSL,Yes,Yes,Month-to-Month,No,Mailed Check,69.39,2070.53,3,Yes
CUST-1415,Male,0,Yes,Yes,59,Yes,DSL,Yes,No,Two Year,Yes,Bank Transfer,84.39,4967.1,1,Yes
CUST-1416,Male,0,Yes,No,59,Yes,DSL,Yes,No,Two Year,Yes,Mailed Check,74.45,4394.66,1,Yes
CUST-1417,Female,0,Yes,No,60,Yes,No,No,No,One Year,Yes,Mailed Check,28.18,1693.98,4,No
CUST-1418,Male,0,Yes,Yes,61,Yes,No,No,No,Month-to-Month,No,Credit Card,31.98,1962.7,0,Yes
CUST-1419,Male,1,Yes,No,28,Yes,DSL,Yes,Yes,Month-to-Month,No,Bank Transfer,64.05,1791.77,4,No
CUST-1420,Male,0,No,No,18,Yes,DSL,Yes,No,Two Year,No,Electronic Check,81.51,1450.01,5,Yes
CUST-1421,Male,0,No,No,70,Yes,Fiber Optic,Yes,No,Two Year,Yes,Bank Transfer,107.2,7488.44,2,No
CUST-1422,Male,0,Yes,Yes,72,Yes,Fiber Optic,Yes,No,Month-to-Month,Yes,Credit Card,103.43,7457.05,5,Yes
CUST-1423,Male,0,No,No,65,Yes,DSL,Yes,Yes,One Year,No,Credit Card,72.16,4691.47,0,No
CUST-1424,Female,0,No,No,9,Yes,DSL,Yes,Yes,One Year,Yes,Bank Transfer,83.96,738.72,1,Yes
CUST-1425,Male,0,Yes,Yes,38,Yes,No,No,No,Two Year,Yes,Credit Card,28.67,1087.21,5,Yes
CUST-1426,Male,1,Yes,No,53,Yes,No,No,No,Two Year,No,Credit Card,34.83,1853.86,4,Yes
CUST-1427,Female,0,No,No,22,Yes,Fiber Optic,No,No,One Year,Yes,Mailed Check,93.83,2062.5,1,No
CUST-1428,Male,0,No,No,24,No,No,No,No,Two Year,Yes,Mailed Check,25.95,604.45,2,No
CUST-1429,Female,0,Yes,Yes,72,Yes,No,No,No,One Year,No,Mailed Check,29.32,2112.63,1,No
CUST-1430,Male,0,No,No,64,Yes,DSL,No,Yes,Month-to-Month,No,Bank Transfer,71.85,4589.99,4,Yes
CUST-1431,Female,0,Yes,No,6,Yes,No,No,No,Month-to-Month,No,Electronic Check,30.04,193.88,3,Yes
CUST-1432,Female,1,Yes,Yes,36,Yes,Fiber Optic,No,Yes,Two Year,No,Mailed Check,97.26,3505.49,4,No
CUST-1433,Female,0,No,No,48,Yes,Fiber Optic,No,No,One Year,No,Credit Card,106.86,5112.78,5,No
CUST-1434,Female,0,No,No,21,Yes,DSL,No,Yes,Two Year,Yes,Mailed Check,65.19,1367.97,4,No
CUST-1435,Male,0,No,No,12,Yes,No,No,No,One Year,No,Mailed Check,33.9,415.21,1,Yes
CUST-1436,Female,0,No,No,6,Yes,DSL,No,No,Two Year,No,Mailed Check,60.67,344.12,2,Yes
CUST-1437,Female,1,No,No,54,Yes,No,No,No,Two Year,Yes,Electronic Check,22.98,1232.01,0,No
CUST-1438,Female,0,No,No,34,Yes,DSL,Yes,No,Two Year,Yes,Bank Transfer,64.07,2160.72,2,No
CUST-1439,Male,0,Yes,No,47,Yes,DSL,Yes,No,One Year,Yes,Mailed Check,79.16,3707.85,0,No
CUST-1440,Male,0,No,No,39,Yes,No,No,No,Two Year,No,Electronic Check,33.36,1295.11,1,Yes
CUST-1441,Female,0,No,No,53,Yes,Fiber Optic,Yes,Yes,Month-to-Month,Yes,Mailed Check,104.88,5560.99,5,No
CUST-1442,Male,0,Yes,Yes,17,No,DSL,No,No,Two Year,No,Mailed Check,80.43,1382.9,4,No
CUST-1443,Female,0,No,No,4,Yes,Fiber Optic,Yes,Yes,Two Year,Yes,Mailed Check,92.69,359.15,0,No
CUST-1444,Male,1,No,No,56,Yes,Fiber Optic,Yes,Yes,One Year,Yes,Bank Transfer,86.08,4812.55,0,No
CUST-1445,Male,0,Yes,Yes,24,Yes,Fiber Optic,Yes,Yes,Two Year,No,Bank Transfer,93.81,2265.65,5,No
CUST-1446,Male,1,Yes,Yes,25,No,Fiber Optic,Yes,Yes,Month-to-Month,No,Bank Transfer,102.45,2548.66,5,No
CUST-1447,Male,0,No,No,55,Yes,Fiber Optic,No,Yes,One Year,Yes,Credit Card,87.76,4812.24,2,No
CUST-1448,Male,1,No,No,15,Yes,DSL,No,No,Month-to-Month,No,Bank Transfer,84.62,1266.42,0,No
CUST-1449,Female,0,No,No,23,Yes,No,No,No,One Year,Yes,Credit Card,30.95,718.19,0,Yes
CUST-1450,Female,0,Yes,Yes,9,Yes,Fiber Optic,No,Yes,Two Year,No,Electronic Check,90.82,814.37,3,Yes
CUST-1451,Female,0,No,No,46,Yes,No,No,No,One Year,No,Bank Transfer,23.68,1087.47,0,No
CUST-1452,Female,0,Yes,Yes,13,Yes,Fiber Optic,No,Yes,Month-to-Month,No,Bank Transfer,88.82,1159.54,0,No
CUST-1453,Female,0,Yes,No,64,Yes,DSL,No,Yes,Month-to-Month,No,Electronic Check,69.59,4446.34,3,Yes
CUST-1454,Male,1,No,No,22,Yes,Fiber Optic,No,No,One Year,Yes,Credit Card,101.5,2240.41,4,Yes
CUST-1455,Male,0,No,No,34,Yes,DSL,No,No,One Year,Yes,Electronic Check,74.76,2526.97,2,No
CUST-1456,Male,0,No,No,49,Yes,DSL,No,No,One Year,Yes,Mailed Check,66.19,3249.23,4,Yes
CUST-1457,Male,0,Yes,No,22,Yes,DSL,Yes,No,Two Year,No,Credit Card,66.67,1474.58,4,Yes
CUST-1458,Female,0,No,No,42,Yes,DSL,Yes,Yes,One Year,No,Bank Transfer,64.17,2687.12,3,Yes
CUST-1459,Male,0,Yes,No,34,Yes,No,No,No,One Year,Yes,Electronic Check,37.94,1293.09,4,Yes
CUST-1460,Male,0,No,No,55,Yes,Fiber Optic,No,No,One Year,No,Mailed Check,95.36,5234.85,4,Yes
CUST-1461,Male,0,Yes,No,28,Yes,No,No,No,One Year,No,Credit Card,43.37,1223.42,0,No
CUST-1462,Female,0,Yes,Yes,39,Yes,DSL,No,Yes,Two Year,Yes,Credit Card,66.67,2591.61,1,No
CUST-1463,Male,0,Yes,Yes,25,Yes,DSL,No,No,Two Year,No,Credit Card,76.17,1885.73,1,No
CUST-1464,Male,0,No,No,71,Yes,Fiber Optic,No,Yes,Month-to-Month,Yes,Bank Transfer,100.04,7117.53,3,No
CUST-1465,Male,0,Yes,Yes,15,Yes,No,No,No,Month-to-Month,No,Credit Card,42.11,621.17,0,No
CUST-1466,Female,0,No,No,31,No,Fiber Optic,Yes,Yes,Month-to-Month,Yes,Bank Transfer,95.99,2965.86,4,Yes
CUST-1467,Female,0,Yes,No,70,Yes,No,No,No,Month-to-Month,No,Mailed Check,29.07,2043.53,2,Yes
CUST-1468,Male,0,Yes,Yes,33,Yes,DSL,No,Yes,Two Year,Yes,Credit Card,69.71,2316.82,3,No
CUST-1469,Female,0,Yes,No,27,Yes,Fiber Optic,No,No,Two Year,No,Electronic Check,91.85,2463.15,3,Yes
CUST-1470,Female,0,No,No,55,Yes,Fiber Optic,Yes,No,Two Year,Yes,Bank Transfer,95.52,5262.77,4,No
CUST-1471,Female,0,Yes,Yes,57,Yes,Fiber Optic,Yes,No,Month-to-Month,No,Bank Transfer,99.4,5650.23,1,Yes
CUST-1472,Male,0,No,No,41,Yes,No,No,No,Month-to-Month,No,Mailed Check,37.19,1537.86,2,Yes
CUST-1473,Female,0,No,No,49,No,No,No,No,Month-to-Month,Yes,Electronic Check,43.08,2116.8,5,Yes
CUST-1474,Male,0,Yes,No,22,Yes,No,No,No,One Year,No,Mailed Check,22.23,483.78,4,Yes
CUST-1475,Female,0,No,No,64,Yes,No,No,No,Month-to-Month,Yes,Bank Transfer,27.2,1740.57,1,Yes
CUST-1476,Male,0,No,No,25,Yes,DSL,Yes,Yes,One Year,No,Mailed Check,75.44,1902.29,2,No
CUST-1477,Female,1,No,No,18,Yes,No,No,No,One Year,Yes,Credit Card,37.71,688.22,2,Yes
CUST-1478,Male,1,Yes,No,46,No,No,No,No,Two Year,Yes,Electronic Check,26.34,1216.43,2,No
CUST-1479,Female,1,Yes,Yes,34,Yes,DSL,No,No,Month-to-Month,Yes,Bank Transfer,77.76,2641.16,2,Yes
CUST-1480,Male,0,No,No,36,Yes,DSL,No,No,Two Year,No,Bank Transfer,70.89,2538.64,5,No
CUST-1481,Male,0,No,No,7,Yes,Fiber Optic,Yes,Yes,Month-to-Month,No,Bank Transfer,89.09,622.32,0,No
CUST-1482,Female,1,No,No,72,Yes,DSL,Yes,Yes,Month-to-Month,No,Electronic Check,65.09,4677.84,1,No
CUST-1483,Female,0,Yes,Yes,68,Yes,Fiber Optic,No,Yes,Month-to-Month,No,Electronic Check,107.18,7269.28,5,No
CUST-1484,Male,0,Yes,No,20,Yes,DSL,No,No,Two Year,No,Electronic Check,68.24,1346.55,4,No
CUST-1485,Female,0,Yes,Yes,7,Yes,DSL,No,Yes,Two Year,Yes,Credit Card,62.31,426.38,1,No
CUST-1486,Female,1,Yes,Yes,50,Yes,DSL,Yes,Yes,One Year,No,Credit Card,78.4,3936.87,5,No
CUST-1487,Female,0,No,No,66,Yes,DSL,No,No,One Year,No,Electronic Check,78.91,5220.5,4,Yes
CUST-1488,Female,1,No,No,60,Yes,No,No,No,Two Year,Yes,Credit Card,33.18,1996.69,0,No
CUST-1489,Female,1,No,No,39,Yes,Fiber Optic,No,Yes,Two Year,No,Bank Transfer,99.21,3871.23,0,No
CUST-1490,Female,0,No,No,33,Yes,No,No,No,Month-to-Month,Yes,Electronic Check,38.51,1269.35,1,No
CUST-1491,Male,1,No,No,41,Yes,DSL,No,No,One Year,Yes,Mailed Check,64.63,2659.71,4,Yes
CUST-1492,Male,0,Yes,Yes,51,Yes,Fiber Optic,No,No,Two Year,No,Credit Card,92.57,4733.6,4,Yes
CUST-1493,Female,0,Yes,Yes,18,Yes,Fiber Optic,Yes,Yes,Month-to-Month,Yes,Credit Card,101.22,1827.95,3,No
CUST-1494,Male,1,No,No,19,Yes,Fiber Optic,Yes,Yes,Month-to-Month,No,Credit Card,96.79,1853.4,4,Yes
CUST-1495,Female,0,No,No,7,Yes,Fiber Optic,No,No,One Year,No,Electronic Check,97.19,679.77,4,Yes
CUST-1496,Female,0,Yes,Yes,55,Yes,No,No,No,Month-to-Month,No,Credit Card,42.23,2307.33,4,No
CUST-1497,Female,0,No,No,3,Yes,No,No,No,Month-to-Month,No,Bank Transfer,30.95,93.16,4,No
CUST-1498,Female,0,No,No,17,Yes,No,No,No,Two Year,No,Credit Card,40.83,701.03,5,Yes
CUST-1499,Female,0,Yes,Yes,37,Yes,Fiber Optic,No,Yes,Month-to-Month,Yes,Mailed Check,100.14,3689.22,3,No
CUST-1500,Female,0,Yes,Yes,3,Yes,DSL,No,Yes,Month-to-Month,Yes,Electronic Check,68.44,189.88,1,Yes
CUST-1501,Male,0,No,No,46,Yes,No,No,No,One Year,Yes,Electronic Check,37.66,1749.43,3,No
CUST-1502,Male,0,Yes,Yes,65,Yes,No,No,No,Month-to-Month,Yes,Bank Transfer,23.93,1547.13,3,Yes
CUST-1503,Female,0,Yes,Yes,47,Yes,Fiber Optic,Yes,Yes,One Year,No,Electronic Check,91.13,4295.48,2,No
CUST-1504,Male,1,No,No,54,Yes,No,No,No,Month-to-Month,Yes,Credit Card,39.68,2128.24,3,Yes
CUST-1505,Female,0,No,No,4,Yes,Fiber Optic,Yes,Yes,One Year,No,Credit Card,109.55,424.77,0,Yes
CUST-1506,Male,0,Yes,Yes,67,No,DSL,No,No,Two Year,No,Bank Transfer,60.2,4024.59,4,No
CUST-1507,Male,0,No,No,27,Yes,No,No,No,Two Year,No,Bank Transfer,42.19,1150.39,3,No
CUST-1508,Female,1,No,No,50,Yes,No,No,No,Month-to-Month,No,Mailed Check,22.32,1118.07,4,Yes
CUST-1509,Male,1,No,No,31,Yes,DSL,No,Yes,Two Year,Yes,Bank Transfer,66.49,2061.49,0,Yes
CUST-1510,Male,0,Yes,No,44,No,No,No,No,Two Year,Yes,Bank Transfer,27.48,1215.8,5,No
CUST-1511,Male,0,Yes,Yes,42,Yes,Fiber Optic,No,No,Month-to-Month,Yes,Credit Card,105.71,4423.1,0,Yes
CUST-1512,Male,0,No,No,10,Yes,No,No,No,One Year,No,Bank Transfer,34.61,351.56,3,No
CUST-1513,Female,0,No,No,21,Yes,Fiber Optic,No,No,Month-to-Month,Yes,Mailed Check,96.39,2005.49,1,No
CUST-1514,Female,0,Yes,No,15,Yes,No,No,No,One Year,Yes,Mailed Check,22.94,336.3,2,No
CUST-1515,Female,1,Yes,Yes,54,Yes,DSL,No,Yes,Month-to-Month,No,Electronic Check,63.06,3399.19,0,Yes
CUST-1516,Female,0,No,No,49,Yes,No,No,No,Two Year,Yes,Mailed Check,32.62,1596.82,3,No
CUST-1517,Male,0,No,No,12,Yes,No,No,No,Two Year,No,Credit Card,25.82,305.66,4,Yes
CUST-1518,Female,0,Yes,Yes,4,Yes,No,No,No,One Year,Yes,Electronic Check,24.81,103.99,4,No
CUST-1519,Male,0,Yes,Yes,69,Yes,Fiber Optic,No,Yes,Month-to-Month,No,Electronic Check,105.17,7261.0,3,Yes
CUST-1520,Female,0,Yes,No,56,Yes,Fiber Optic,No,No,One Year,Yes,Electronic Check,109.49,6133.11,2,Yes
CUST-1521,Female,0,Yes,No,53,Yes,Fiber Optic,No,Yes,Month-to-Month,Yes,Bank Transfer,94.75,5014.55,3,No
CUST-1522,Female,0,Yes,Yes,26,Yes,No,No,No,Two Year,Yes,Credit Card,32.72,850.9,0,No
CUST-1523,Female,0,No,No,9,Yes,DSL,Yes,Yes,One Year,Yes,Mailed Check,79.07,717.69,1,No
CUST-1524,Female,0,Yes,Yes,48,Yes,Fiber Optic,Yes,No,Two Year,No,Electronic Check,85.03,4080.03,4,Yes
CUST-1525,Male,1,No,No,35,Yes,No,No,No,One Year,No,Mailed Check,34.63,1212.46,0,Yes
CUST-1526,Male,0,No,No,16,Yes,No,No,No,Two Year,No,Credit Card,25.27,404.51,2,No
CUST-1527,Female,0,No,No,35,Yes,DSL,No,Yes,One Year,No,Electronic Check,82.85,2885.1,0,No
CUST-1528,Male,0,Yes,No,72,Yes,No,No,No,One Year,No,Electronic Check,39.68,2862.92,0,No
CUST-1529,Female,0,No,No,49,Yes,DSL,No,Yes,Two Year,Yes,Electronic Check,71.57,3524.38,3,Yes
CUST-1530,Male,0,No,No,25,Yes,No,No,No,Two Year,No,Mailed Check,25.86,646.25,2,Yes
CUST-1531,Female,0,Yes,Yes,26,No,No,No,No,One Year,Yes,Bank Transfer,34.23,889.74,4,Yes
CUST-1532,Male,1,Yes,Yes,17,Yes,No,No,No,Month-to-Month,No,Mailed Check,41.19,681.15,5,Yes
CUST-1533,Female,0,No,No,1,No,No,No,No,Two Year,Yes,Bank Transfer,30.81,50.61,2,Yes
CUST-1534,Female,0,Yes,Yes,7,Yes,DSL,No,No,Month-to-Month,No,Mailed Check,68.37,493.79,0,No
CUST-1535,Male,0,No,No,10,No,Fiber Optic,Yes,No,One Year,Yes,Electronic Check,85.7,854.28,0,No
CUST-1536,Female,0,Yes,Yes,61,Yes,DSL,Yes,No,Two Year,Yes,Electronic Check,79.39,4847.57,0,No
CUST-1537,Male,1,Yes,Yes,49,Yes,No,No,No,Month-to-Month,Yes,Electronic Check,42.98,2103.7,2,No
CUST-1538,Female,1,Yes,Yes,38,Yes,DSL,Yes,No,Month-to-Month,Yes,Credit Card,69.6,2656.61,4,Yes
CUST-1539,Female,0,Yes,No,67,Yes,Fiber Optic,Yes,Yes,Month-to-Month,Yes,Mailed Check,107.61,7194.91,4,Yes
CUST-1540,Female,0,No,No,24,Yes,Fiber Optic,Yes,Yes,One Year,No,Bank Transfer,92.78,2242.13,1,Yes
CUST-1541,Female,0,No,No,48,No,No,No,No,Two Year,Yes,Electronic Check,25.93,1257.41,4,No
CUST-1542,Female,0,Yes,Yes,9,Yes,No,No,No,One Year,No,Bank Transfer,41.3,374.34,2,No
CUST-1543,Female,0,Yes,No,6,Yes,Fiber Optic,Yes,Yes,One Year,Yes,Mailed Check,97.02,592.85,2,No
CUST-1544,Female,0,Yes,Yes,47,Yes,DSL,Yes,Yes,Month-to-Month,No,Credit Card,64.86,3051.85,2,Yes
CUST-1545,Male,0,No,No,23,Yes,DSL,Yes,No,Two Year,Yes,Mailed Check,64.9,1479.74,2,No
CUST-1546,Male,0,Yes,No,15,Yes,Fiber Optic,No,No,Month-to-Month,No,Bank Transfer,101.52,1540.45,4,No
CUST-1547,Male,1,Yes,Yes,25,Yes,No,No,No,One Year,No,Credit Card,44.42,1100.28,0,No
CUST-1548,Male,0,No,No,20,Yes,Fiber Optic,No,Yes,Two Year,No,Mailed Check,103.18,2074.99,5,No
CUST-1549,Male,0,No,No,64,Yes,Fiber Optic,No,No,Two Year,No,Credit Card,96.84,6201.01,5,No
CUST-1550,Male,0,Yes,No,31,Yes,DSL,No,No,Two Year,Yes,Bank Transfer,66.36,2040.55,0,No
CUST-1551,Female,0,Yes,No,66,Yes,DSL,No,No,One Year,No,Bank Transfer,80.11,5279.94,3,Yes
CUST-1552,Female,0,Yes,No,11,Yes,No,No,No,Two Year,Yes,Bank Transfer,43.17,458.81,0,Yes
CUST-1553,Male,0,No,No,33,Yes,No,No,No,One Year,Yes,Mailed Check,44.96,1493.78,5,No
CUST-1554,Female,1,No,No,37,Yes,DSL,No,Yes,One Year,Yes,Credit Card,65.69,2439.46,1,No
CUST-1555,Female,0,No,No,44,Yes,DSL,Yes,No,Two Year,No,Mailed Check,70.97,3136.8,0,No
CUST-1556,Male,0,Yes,No,46,Yes,DSL,No,No,Two Year,No,Bank Transfer,74.67,3437.52,0,No
CUST-1557,Male,0,No,No,51,No,Fiber Optic,No,Yes,Two Year,No,Mailed Check,96.87,4933.52,3,No
CUST-1558,Female,1,Yes,Yes,5,Yes,No,No,No,One Year,Yes,Mailed Check,24.97,141.3,3,Yes
CUST-1559,Male,0,Yes,No,8,Yes,Fiber Optic,Yes,No,One Year,No,Mailed Check,109.74,863.09,3,Yes
CUST-1560,Male,0,Yes,Yes,27,Yes,No,No,No,Two Year,No,Mailed Check,35.09,965.0,4,Yes
CUST-1561,Female,0,Yes,Yes,58,Yes,DSL,Yes,No,Two Year,No,Credit Card,71.57,4132.62,0,No
CUST-1562,Female,0,No,No,51,Yes,Fiber Optic,No,Yes,Month-to-Month,No,Credit Card,94.62,4831.98,5,Yes
CUST-1563,Female,0,Yes,Yes,21,Yes,No,No,No,Two Year,No,Electronic Check,37.45,795.35,1,No
CUST-1564,Female,0,Yes,No,10,Yes,No,No,No,One Year,No,Credit Card,24.12,229.49,0,No
CUST-1565,Male,0,No,No,49,Yes,DSL,Yes,No,Month-to-Month,Yes,Bank Transfer,62.87,3097.32,2,No
CUST-1566,Female,0,Yes,Yes,71,Yes,No,No,No,One Year,Yes,Credit Card,40.51,2889.87,1,No
CUST-1567,Male,0,Yes,No,22,Yes,Fiber Optic,No,Yes,One Year,No,Mailed Check,90.42,1970.62,5,No
CUST-1568,Female,0,Yes,No,40,Yes,No,No,No,Month-to-Month,Yes,Credit Card,39.18,1584.35,2,No
CUST-1569,Male,1,No,No,4,No,DSL,Yes,Yes,Month-to-Month,Yes,Mailed Check,78.1,294.16,4,Yes
CUST-1570,Female,0,Yes,Yes,70,Yes,DSL,Yes,Yes,Month-to-Month,Yes,Bank Transfer,68.08,4746.2,5,Yes
CUST-1571,Female,0,Yes,Yes,36,Yes,DSL,Yes,Yes,Month-to-Month,No,Bank Transfer,79.19,2850.82,0,No
CUST-1572,Male,0,Yes,No,50,Yes,No,No,No,Month-to-Month,No,Mailed Check,35.88,1809.36,2,No
CUST-1573,Female,1,Yes,No,49,Yes,No,No,No,Month-to-Month,Yes,Mailed Check,20.53,1016.33,0,Yes
CUST-1574,Female,0,Yes,Yes,18,Yes,DSL,Yes,Yes,One Year,Yes,Electronic Check,65.95,1196.11,3,No
CUST-1575,Female,1,No,No,6,Yes,DSL,No,Yes,Month-to-Month,No,Bank Transfer,66.06,397.93,5,No
CUST-1576,Male,0,No,No,67,Yes,DSL,Yes,Yes,One Year,Yes,Mailed Check,61.3,4126.78,1,Yes
CUST-1577,Male,0,Yes,Yes,65,Yes,No,No,No,One Year,No,Mailed Check,38.04,2462.4,1,No
CUST-1578,Female,0,No,No,26,Yes,DSL,Yes,No,One Year,No,Mailed Check,71.77,1862.93,4,No
CUST-1579,Male,0,No,No,3,Yes,DSL,Yes,No,Two Year,Yes,Mailed Check,66.43,197.84,3,Yes
CUST-1580,Female,1,Yes,No,26,Yes,Fiber Optic,Yes,Yes,Two Year,No,Credit Card,95.11,2469.49,3,No
CUST-1581,Female,0,No,No,10,Yes,Fiber Optic,Yes,No,Two Year,Yes,Mailed Check,104.07,1058.98,5,Yes
CUST-1582,Female,0,No,No,8,Yes,DSL,Yes,Yes,One Year,Yes,Bank Transfer,75.77,613.22,5,No
CUST-1583,Male,0,No,No,19,Yes,No,No,No,Two Year,Yes,Electronic Check,22.92,419.17,5,No
CUST-1584,Female,0,Yes,Yes,55,Yes,DSL,No,No,Two Year,No,Bank Transfer,78.35,4319.35,5,No
CUST-1585,Male,0,No,No,19,Yes,Fiber Optic,No,No,Month-to-Month,Yes,Credit Card,85.04,1598.55,5,Yes
CUST-1586,Female,0,No,No,22,Yes,Fiber Optic,Yes,Yes,One Year,Yes,Electronic Check,96.27,2130.51,1,Yes
CUST-1587,Male,0,Yes,No,53,Yes,No,No,No,Month-to-Month,Yes,Electronic Check,27.33,1443.6,2,Yes
CUST-1588,Male,0,No,No,63,Yes,Fiber Optic,Yes,Yes,One Year,Yes,Electronic Check,87.42,5508.35,0,No
CUST-1589,Female,0,No,No,44,Yes,DSL,No,No,One Year,Yes,Bank Transfer,76.63,3366.86,0,No
CUST-1590,Female,0,Yes,No,52,Yes,Fiber Optic,Yes,Yes,Two Year,No,Mailed Check,94.21,4903.65,5,No
CUST-1591,Female,0,Yes,No,3,Yes,Fiber Optic,No,No,Month-to-Month,No,Credit Card,103.48,322.2,2,Yes
CUST-1592,Female,0,Yes,No,38,Yes,No,No,No,Month-to-Month,Yes,Mailed Check,32.45,1216.58,5,No
CUST-1593,Female,0,No,No,15,Yes,No,No,No,Month-to-Month,Yes,Mailed Check,24.26,381.67,5,Yes
CUST-1594,Female,0,Yes,Yes,42,No,DSL,Yes,No,Two Year,No,Electronic Check,76.64,3235.79,5,No
CUST-1595,Male,0,No,No,29,No,No,No,No,Month-to-Month,No,Credit Card,42.75,1249.47,5,Yes
CUST-1596,Female,0,Yes,No,15,Yes,Fiber Optic,Yes,No,Two Year,Yes,Electronic Check,99.32,1474.9,2,No
CUST-1597,Male,0,Yes,No,55,Yes,DSL,Yes,Yes,Month-to-Month,No,Electronic Check,73.46,4038.72,1,No
CUST-1598,Female,0,No,No,59,Yes,DSL,Yes,Yes,Two Year,No,Bank Transfer,72.56,4288.58,2,No
CUST-1599,Female,0,Yes,No,38,Yes,DSL,Yes,No,Month-to-Month,Yes,Mailed Check,77.51,2927.48,1,No
CUST-1600,Female,0,Yes,Yes,71,Yes,DSL,No,No,One Year,No,Electronic Check,73.2,5188.52,5,No
CUST-1601,Female,1,No,No,7,Yes,No,No,No,One Year,No,Mailed Check,34.43,238.69,3,Yes
CUST-1602,Male,0,Yes,Yes,47,Yes,No,No,No,Month-to-Month,Yes,Credit Card,43.76,2053.8,1,No
CUST-1603,Male,0,No,No,23,No,Fiber Optic,No,No,Month-to-Month,No,Mailed Check,85.85,1964.18,3,Yes
CUST-1604,Male,0,No,No,12,Yes,No,No,No,One Year,No,Credit Card,29.18,334.96,0,Yes
CUST-1605,Male,1,No,No,36,Yes,Fiber Optic,Yes,No,One Year,No,Bank Transfer,99.29,3558.42,0,No
CUST-1606,Male,0,Yes,No,72,Yes,No,No,No,One Year,Yes,Electronic Check,38.84,2784.78,5,No
CUST-1607,Male,0,Yes,Yes,72,Yes,DSL,Yes,Yes,Month-to-Month,Yes,Mailed Check,62.2,4468.67,0,Yes
CUST-1608,Male,0,No,No,70,Yes,No,No,No,Month-to-Month,Yes,Bank Transfer,21.15,1498.33,2,No
CUST-1609,Female,1,No,No,41,Yes,DSL,Yes,Yes,Two Year,Yes,Mailed Check,60.92,2483.39,1,No
CUST-1610,Male,0,No,No,17,Yes,DSL,Yes,No,One Year,No,Mailed Check,70.0,1173.33,2,No
CUST-1611,Male,0,Yes,No,25,Yes,No,No,No,Two Year,Yes,Credit Card,40.54,1006.15,3,Yes
CUST-1612,Male,1,Yes,Yes,71,Yes,DSL,Yes,No,One Year,No,Mailed Check,81.72,5791.15,0,Yes
CUST-1613,Male,0,Yes,Yes,23,Yes,DSL,No,Yes,Two Year,No,Bank Transfer,73.79,1701.47,0,No
CUST-1614,Female,0,No,No,62,Yes,DSL,Yes,Yes,Two Year,Yes,Mailed Check,69.47,4316.56,0,No
CUST-1615,Female,0,Yes,No,59,Yes,DSL,No,No,One Year,No,Mailed Check,67.63,4004.49,2,No
CUST-1616,Female,0,Yes,Yes,31,No,Fiber Optic,Yes,Yes,Two Year,No,Credit Card,105.21,3241.94,3,No
CUST-1617,Male,0,Yes,No,2,Yes,No,No,No,Month-to-Month,No,Bank Transfer,26.11,61.78,4,Yes
CUST-1618,Male,0,Yes,Yes,23,Yes,Fiber Optic,No,Yes,One Year,No,Credit Card,89.26,2071.77,2,No
CUST-1619,Male,0,Yes,No,39,Yes,DSL,Yes,Yes,Two Year,No,Mailed Check,83.08,3257.28,5,No
CUST-1620,Male,0,No,No,8,Yes,No,No,No,One Year,No,Bank Transfer,28.85,211.01,5,Yes
CUST-1621,Female,1,No,No,63,Yes,No,No,No,Two Year,Yes,Credit Card,23.1,1454.8,1,No
CUST-1622,Female,0,No,No,48,Yes,DSL,Yes,No,Month-to-Month,No,Credit Card,64.05,3068.55,3,Yes
CUST-1623,Male,1,No,No,6,Yes,DSL,No,Yes,Month-to-Month,Yes,Credit Card,83.99,523.26,0,Yes
CUST-1624,Female,0,Yes,No,52,Yes,No,No,No,One Year,Yes,Electronic Check,43.94,2296.59,1,Yes
CUST-1625,Male,0,Yes,Yes,44,Yes,No,No,No,Two Year,Yes,Credit Card,32.0,1399.29,0,No
CUST-1626,Male,0,Yes,Yes,36,Yes,DSL,Yes,No,Month-to-Month,No,Electronic Check,77.53,2791.17,1,Yes
CUST-1627,Male,0,Yes,No,5,Yes,Fiber Optic,Yes,No,Month-to-Month,Yes,Electronic Check,106.61,528.26,4,Yes
CUST-1628,Male,0,No,No,62,Yes,DSL,Yes,No,Month-to-Month,No,Bank Transfer,67.01,4148.66,3,Yes
CUST-1629,Male,0,Yes,Yes,42,Yes,DSL,No,Yes,One Year,Yes,Bank Transfer,83.71,3510.36,2,Yes
CUST-1630,Male,0,Yes,No,47,Yes,DSL,No,Yes,Two Year,No,Mailed Check,74.61,3490.16,0,Yes
CUST-1631,Male,1,Yes,Yes,58,No,Fiber Optic,No,No,Two Year,No,Mailed Check,98.34,5689.87,1,Yes
CUST-1632,Female,0,No,No,47,Yes,No,No,No,Month-to-Month,No,Electronic Check,32.07,1508.24,4,Yes
CUST-1633,Male,0,Yes,No,6,No,Fiber Optic,Yes,No,One Year,Yes,Mailed Check,95.94,576.01,4,No
CUST-1634,Female,0,Yes,Yes,1,Yes,Fiber Optic,Yes,No,Two Year,No,Bank Transfer,106.31,98.16,2,No
CUST-1635,Male,0,Yes,No,6,Yes,DSL,Yes,No,Month-to-Month,Yes,Mailed Check,73.36,420.22,2,Yes
CUST-1636,Female,0,No,No,18,Yes,No,No,No,One Year,No,Electronic Check,35.65,622.12,2,Yes
CUST-1637,Female,0,Yes,Yes,49,No,DSL,Yes,No,Month-to-Month,No,Bank Transfer,65.1,3195.09,3,Yes
CUST-1638,Male,0,No,No,48,Yes,DSL,Yes,No,Month-to-Month,No,Mailed Check,80.39,3845.76,4,Yes
CUST-1639,Male,0,Yes,No,21,Yes,DSL,Yes,Yes,Month-to-Month,Yes,Credit Card,66.13,1405.1,3,Yes
CUST-1640,Male,0,Yes,Yes,49,Yes,Fiber Optic,Yes,Yes,Month-to-Month,Yes,Electronic Check,91.69,4510.35,4,Yes
CUST-1641,Male,0,Yes,No,11,Yes,DSL,No,Yes,One Year,No,Credit Card,63.86,684.7,5,Yes
CUST-1642,Male,1,Yes,Yes,70,Yes,No,No,No,One Year,Yes,Electronic Check,42.8,2976.96,3,Yes
CUST-1643,Female,0,Yes,No,15,Yes,Fiber Optic,Yes,Yes,One Year,No,Electronic Check,100.39,1490.58,0,No
CUST-1644,Male,0,No,No,24,Yes,Fiber Optic,No,No,One Year,Yes,Bank Transfer,107.91,2596.31,2,No
CUST-1645,Male,0,Yes,Yes,41,Yes,DSL,No,Yes,Month-to-Month,No,Bank Transfer,63.62,2601.34,1,Yes
CUST-1646,Female,0,No,No,55,Yes,DSL,No,Yes,Two Year,Yes,Credit Card,70.47,3875.73,4,No
CUST-1647,Male,0,No,No,68,Yes,No,No,No,Two Year,Yes,Electronic Check,25.88,1739.95,0,No
CUST-1648,Female,0,Yes,Yes,45,Yes,Fiber Optic,No,No,Month-to-Month,No,Mailed Check,90.27,4051.13,5,Yes
CUST-1649,Male,0,Yes,No,48,Yes,Fiber Optic,Yes,No,Two Year,Yes,Electronic Check,88.67,4241.81,1,Yes
CUST-1650,Female,1,Yes,No,18,Yes,No,No,No,One Year,No,Credit Card,38.06,682.84,5,No
CUST-1651,Female,1,Yes,Yes,23,Yes,Fiber Optic,No,No,Two Year,No,Bank Transfer,107.98,2483.61,5,Yes
CUST-1652,Male,0,Yes,No,17,Yes,DSL,Yes,Yes,One Year,Yes,Electronic Check,80.41,1365.71,2,No
CUST-1653,Female,0,Yes,Yes,48,Yes,Fiber Optic,No,Yes,Month-to-Month,Yes,Bank Transfer,100.08,4817.7,0,Yes
CUST-1654,Male,0,Yes,Yes,2,Yes,DSL,Yes,Yes,Two Year,Yes,Mailed Check,66.73,152.53,4,Yes
CUST-1655,Female,1,No,No,12,No,Fiber Optic,No,No,One Year,Yes,Bank Transfer,103.8,1254.63,1,No
CUST-1656,Male,0,Yes,Yes,4,Yes,DSL,No,Yes,One Year,Yes,Mailed Check,77.06,291.39,5,Yes
CUST-1657,Male,0,Yes,Yes,65,Yes,No,No,No,Two Year,No,Credit Card,39.63,2569.51,2,No
CUST-1658,Female,1,No,No,31,Yes,No,No,No,Two Year,Yes,Mailed Check,34.17,1079.05,0,No
CUST-1659,Male,0,No,No,71,Yes,Fiber Optic,No,Yes,One Year,No,Mailed Check,108.35,7679.31,2,No
CUST-1660,Female,1,Yes,No,34,No,DSL,No,Yes,Month-to-Month,No,Electronic Check,69.09,2340.53,3,No
CUST-1661,Male,0,No,No,48,Yes,DSL,No,No,Two Year,Yes,Electronic Check,78.53,3759.23,4,Yes
CUST-1662,Male,0,Yes,No,10,Yes,DSL,Yes,No,One Year,No,Credit Card,62.73,614.51,0,No
CUST-1663,Female,0,Yes,No,43,Yes,DSL,No,Yes,Two Year,No,Electronic Check,66.96,2860.81,1,No
CUST-1664,Male,0,No,No,5,No,DSL,Yes,No,One Year,No,Mailed Check,61.35,321.47,5,Yes
CUST-1665,Female,0,Yes,Yes,9,Yes,Fiber Optic,No,No,One Year,Yes,Bank Transfer,89.6,788.55,3,Yes
CUST-1666,Female,0,No,No,54,Yes,No,No,No,Two Year,Yes,Credit Card,28.87,1566.7,3,No
CUST-1667,Male,1,Yes,No,41,Yes,DSL,Yes,No,One Year,Yes,Credit Card,66.57,2738.26,3,No
CUST-1668,Male,0,Yes,Yes,28,Yes,Fiber Optic,No,Yes,Two Year,No,Mailed Check,93.7,2641.7,5,No
CUST-1669,Male,0,No,No,3,Yes,DSL,Yes,No,Two Year,No,Credit Card,70.26,204.87,4,Yes
CUST-1670,Female,1,Yes,No,55,Yes,No,No,No,Two Year,Yes,Credit Card,29.54,1638.5,5,No
CUST-1671,Female,0,Yes,Yes,14,Yes,Fiber Optic,No,Yes,One Year,Yes,Credit Card,97.58,1378.35,5,Yes
CUST-1672,Female,0,No,No,71,Yes,Fiber Optic,No,Yes,One Year,No,Credit Card,107.7,7652.49,5,Yes
CUST-1673,Female,0,No,No,35,Yes,DSL,No,No,Two Year,Yes,Electronic Check,82.5,2884.08,0,Yes
CUST-1674,Female,0,No,No,43,Yes,No,No,No,One Year,Yes,Credit Card,24.82,1073.04,0,No
CUST-1675,Female,1,No,No,23,Yes,DSL,Yes,No,Month-to-Month,Yes,Mailed Check,72.61,1675.29,3,No
CUST-1676,Female,0,Yes,No,27,Yes,Fiber Optic,No,Yes,Two Year,Yes,Electronic Check,100.45,2713.9,0,No
CUST-1677,Male,0,Yes,No,46,Yes,No,No,No,Month-to-Month,No,Mailed Check,33.39,1525.75,3,Yes
CUST-1678,Male,0,Yes,Yes,14,Yes,No,No,No,Month-to-Month,Yes,Mailed Check,27.06,394.62,0,Yes
CUST-1679,Female,0,Yes,No,13,Yes,Fiber Optic,No,Yes,One Year,Yes,Mailed Check,102.18,1323.35,2,No
CUST-1680,Female,0,Yes,No,2,No,No,No,No,Two Year,Yes,Electronic Check,44.4,108.55,3,No
CUST-1681,Male,1,No,No,16,Yes,Fiber Optic,Yes,Yes,Month-to-Month,No,Electronic Check,107.46,1700.54,1,Yes
CUST-1682,Male,0,No,No,26,No,DSL,No,No,Two Year,No,Credit Card,72.82,1889.32,1,No
CUST-1683,Male,0,No,No,51,Yes,No,No,No,One Year,Yes,Mailed Check,43.84,2235.35,3,Yes
CUST-1684,Female,0,Yes,No,55,Yes,DSL,No,Yes,One Year,Yes,Electronic Check,83.95,4607.37,3,Yes
CUST-1685,Female,0,Yes,Yes,42,Yes,Fiber Optic,No,Yes,Month-to-Month,Yes,Bank Transfer,94.3,3971.78,0,Yes
CUST-1686,Male,0,Yes,No,42,Yes,No,No,No,Month-to-Month,No,Bank Transfer,35.05,1473.19,0,No
CUST-1687,Male,0,No,No,56,Yes,DSL,Yes,Yes,Month-to-Month,No,Credit Card,61.17,3416.5,0,Yes
CUST-1688,Male,0,No,No,31,Yes,DSL,Yes,Yes,One Year,No,Mailed Check,81.04,2508.35,4,No
CUST-1689,Male,0,Yes,Yes,61,Yes,DSL,No,No,One Year,No,Credit Card,61.99,3792.37,3,No
CUST-1690,Female,0,No,No,64,Yes,Fiber Optic,No,Yes,Month-to-Month,Yes,Electronic Check,105.64,6746.51,2,No
CUST-1691,Female,0,Yes,Yes,48,Yes,No,No,No,Month-to-Month,Yes,Bank Transfer,42.08,2001.56,0,No
CUST-1692,Male,0,No,No,35,Yes,Fiber Optic,No,Yes,Month-to-Month,No,Mailed Check,103.83,3649.56,3,Yes
CUST-1693,Male,0,Yes,No,63,No,DSL,No,Yes,Month-to-Month,No,Bank Transfer,77.78,4894.26,1,No
CUST-1694,Male,0,Yes,No,8,Yes,No,No,No,Month-to-Month,No,Credit Card,24.7,181.78,1,No
CUST-1695,Female,0,No,No,59,Yes,No,No,No,Month-to-Month,Yes,Mailed Check,42.92,2527.7,3,No
CUST-1696,Male,0,Yes,Yes,36,Yes,No,No,No,One Year,Yes,Mailed Check,31.52,1119.01,0,Yes
CUST-1697,Female,0,Yes,No,68,Yes,DSL,Yes,Yes,One Year,No,Mailed Check,63.77,4336.45,4,Yes
CUST-1698,Female,0,Yes,Yes,49,Yes,DSL,Yes,No,Month-to-Month,No,Mailed Check,74.85,3668.83,3,Yes
CUST-1699,Male,0,Yes,Yes,29,Yes,Fiber Optic,No,Yes,Month-to-Month,Yes,Bank Transfer,90.66,2633.95,5,Yes
CUST-1700,Female,1,No,No,64,Yes,Fiber Optic,No,No,Two Year,No,Electronic Check,87.36,5591.17,5,No
CUST-1701,Female,0,Yes,Yes,41,Yes,Fiber Optic,Yes,No,One Year,Yes,Electronic Check,101.65,4164.77,0,Yes
CUST-1702,Female,0,Yes,Yes,46,No,No,No,No,Month-to-Month,No,Mailed Check,31.81,1445.07,0,No
CUST-1703,Female,0,Yes,Yes,13,Yes,No,No,No,One Year,No,Credit Card,38.37,518.4,2,No
CUST-1704,Female,0,Yes,No,39,Yes,No,No,No,Two Year,No,Electronic Check,26.75,1044.02,5,Yes
CUST-1705,Female,0,Yes,No,64,Yes,No,No,No,Two Year,No,Bank Transfer,25.16,1593.81,3,No
CUST-1706,Female,0,No,No,68,Yes,No,No,No,One Year,No,Credit Card,34.73,2379.45,2,No
CUST-1707,Male,0,No,No,16,Yes,DSL,No,No,Month-to-Month,Yes,Credit Card,83.18,1316.77,5,Yes
CUST-1708,Female,0,Yes,No,63,Yes,DSL,Yes,No,Month-to-Month,Yes,Bank Transfer,80.64,5065.26,3,Yes
CUST-1709,Female,0,Yes,Yes,33,Yes,DSL,Yes,Yes,Two Year,No,Mailed Check,84.9,2789.57,4,No
CUST-1710,Female,0,No,No,46,Yes,No,No,No,Two Year,No,Credit Card,29.98,1395.25,2,No
CUST-1711,Female,0,No,No,42,Yes,Fiber Optic,Yes,No,Month-to-Month,No,Mailed Check,92.53,3869.68,4,No
CUST-1712,Female,0,No,No,56,Yes,No,No,No,One Year,No,Bank Transfer,31.71,1772.87,3,No
CUST-1713,Female,1,Yes,No,12,Yes,No,No,No,One Year,Yes,Bank Transfer,23.18,279.89,4,No
CUST-1714,Male,0,No,No,17,Yes,Fiber Optic,No,No,Month-to-Month,Yes,Electronic Check,91.75,1579.2,0,Yes
CUST-1715,Male,0,No,No,43,Yes,Fiber Optic,Yes,Yes,Two Year,Yes,Credit Card,88.41,3817.43,5,No
CUST-1716,Female,0,Yes,No,26,Yes,Fiber Optic,Yes,Yes,Two Year,Yes,Mailed Check,90.11,2341.81,4,Yes
CUST-1717,Male,0,No,No,52,Yes,Fiber Optic,Yes,No,Two Year,No,Electronic Check,95.81,4987.57,1,Yes
CUST-1718,Male,0,Yes,No,62,Yes,No,No,No,Month-to-Month,No,Bank Transfer,36.69,2270.43,5,Yes
CUST-1719,Female,0,No,No,19,Yes,DSL,Yes,No,Month-to-Month,No,Electronic Check,76.13,1462.2,4,Yes
CUST-1720,Female,0,No,No,59,Yes,Fiber Optic,No,Yes,One Year,No,Electronic Check,89.36,5258.3,5,No
CUST-1721,Female,0,Yes,No,39,No,Fiber Optic,No,No,One Year,Yes,Bank Transfer,88.24,3434.32,4,Yes
CUST-1722,Female,1,Yes,Yes,30,Yes,Fiber Optic,No,No,One Year,Yes,Mailed Check,87.64,2644.43,5,No
CUST-1723,Female,0,Yes,No,15,Yes,No,No,No,Month-to-Month,No,Bank Transfer,35.16,541.03,1,Yes
CUST-1724,Female,0,Yes,Yes,33,Yes,No,No,No,One Year,Yes,Mailed Check,38.55,1269.51,4,No
CUST-1725,Male,1,Yes,Yes,27,Yes,Fiber Optic,Yes,No,One Year,Yes,Bank Transfer,89.63,2429.21,5,No
CUST-1726,Female,0,Yes,No,65,Yes,No,No,No,Two Year,Yes,Electronic Check,30.97,2018.07,0,No
CUST-1727,Male,0,No,No,13,Yes,Fiber Optic,Yes,No,Month-to-Month,Yes,Bank Transfer,108.06,1394.84,5,Yes
CUST-1728,Male,0,Yes,Yes,67,No,No,No,No,One Year,No,Electronic Check,33.65,2270.22,4,Yes
CUST-1729,Female,0,Yes,No,54,Yes,DSL,Yes,Yes,Month-to-Month,No,Electronic Check,65.89,3540.98,4,No
CUST-1730,Male,0,Yes,No,11,Yes,DSL,Yes,No,Two Year,Yes,Electronic Check,60.89,670.09,5,Yes
CUST-1731,Female,0,Yes,Yes,8,Yes,Fiber Optic,No,Yes,Two Year,No,Electronic Check,94.68,752.53,1,No
CUST-1732,Female,0,Yes,No,16,Yes,DSL,No,Yes,One Year,No,Electronic Check,65.95,1038.88,0,No
CUST-1733,Male,0,Yes,Yes,8,Yes,Fiber Optic,No,Yes,One Year,Yes,Bank Transfer,93.74,756.13,1,No
CUST-1734,Male,0,No,No,16,Yes,Fiber Optic,No,Yes,One Year,No,Mailed Check,96.09,1529.55,2,No
CUST-1735,Female,0,Yes,No,41,Yes,No,No,No,Month-to-Month,Yes,Bank Transfer,42.51,1751.13,4,Yes
CUST-1736,Male,0,Yes,Yes,40,Yes,Fiber Optic,Yes,No,Two Year,Yes,Electronic Check,109.45,4385.93,5,No
CUST-1737,Male,1,Yes,No,36,Yes,DSL,Yes,Yes,One Year,No,Credit Card,60.47,2172.22,3,Yes
CUST-1738,Male,0,No,No,69,Yes,DSL,Yes,No,Month-to-Month,No,Bank Transfer,80.26,5541.58,0,Yes
CUST-1739,Female,0,Yes,Yes,71,Yes,No,No,No,Two Year,No,Credit Card,30.6,2181.37,4,Yes
CUST-1740,Female,0,Yes,Yes,2,Yes,No,No,No,One Year,Yes,Mailed Check,39.28,70.39,4,Yes
CUST-1741,Female,0,No,No,2,Yes,No,No,No,Two Year,No,Bank Transfer,41.19,80.13,0,No
CUST-1742,Female,1,No,No,62,Yes,No,No,No,Month-to-Month,No,Electronic Check,34.49,2121.56,4,Yes
CUST-1743,Male,0,No,No,36,Yes,DSL,Yes,Yes,Two Year,Yes,Mailed Check,81.78,2950.32,1,Yes
CUST-1744,Male,0,No,No,41,Yes,No,No,No,Month-to-Month,Yes,Bank Transfer,44.38,1800.22,2,Yes
CUST-1745,Male,0,No,No,14,Yes,DSL,Yes,Yes,Month-to-Month,Yes,Bank Transfer,74.26,1052.81,5,Yes
CUST-1746,Female,0,Yes,Yes,42,Yes,DSL,No,No,Two Year,No,Credit Card,83.56,3501.28,0,Yes
CUST-1747,Male,0,Yes,Yes,14,Yes,DSL,No,Yes,One Year,Yes,Mailed Check,69.53,993.33,0,No
CUST-1748,Male,0,No,No,69,Yes,No,No,No,Month-to-Month,No,Credit Card,27.92,1914.28,4,Yes
CUST-1749,Male,0,No,No,30,Yes,No,No,No,Month-to-Month,Yes,Credit Card,38.32,1164.81,2,Yes
CUST-1750,Male,0,No,No,30,Yes,DSL,Yes,Yes,Two Year,Yes,Credit Card,76.85,2312.14,4,Yes
CUST-1751,Female,0,Yes,Yes,53,Yes,Fiber Optic,No,Yes,Month-to-Month,No,Electronic Check,89.17,4722.76,4,Yes
CUST-1752,Female,0,Yes,Yes,56,Yes,Fiber Optic,Yes,Yes,Two Year,No,Credit Card,93.86,5252.25,4,Yes
CUST-1753,Female,1,No,No,14,No,Fiber Optic,Yes,No,One Year,No,Credit Card,103.52,1446.71,3,No
CUST-1754,Male,0,Yes,Yes,1,Yes,DSL,No,No,One Year,No,Mailed Check,72.72,76.24,0,Yes
CUST-1755,Female,0,No,No,37,Yes,DSL,Yes,Yes,Month-to-Month,Yes,Credit Card,72.98,2703.27,4,Yes
CUST-1756,Female,0,Yes,No,36,Yes,Fiber Optic,Yes,No,One Year,Yes,Mailed Check,101.66,3645.4,1,No
CUST-1757,Male,1,Yes,Yes,1,Yes,Fiber Optic,No,Yes,One Year,No,Credit Card,98.02,111.26,2,No
CUST-1758,Male,0,No,No,64,Yes,Fiber Optic,No,Yes,One Year,Yes,Mailed Check,103.18,6596.6,4,Yes
CUST-1759,Female,0,Yes,No,5,Yes,No,No,No,Two Year,No,Mailed Check,41.04,211.65,5,Yes
CUST-1760,Male,0,No,No,29,Yes,DSL,No,Yes,One Year,Yes,Credit Card,67.06,1932.68,0,No
CUST-1761,Male,1,Yes,No,72,Yes,No,No,No,Month-to-Month,Yes,Credit Card,37.2,2682.94,5,Yes
CUST-1762,Female,0,Yes,No,30,Yes,No,No,No,One Year,No,Credit Card,34.95,1050.24,2,Yes
CUST-1763,Male,0,No,No,54,No,DSL,Yes,No,Month-to-Month,Yes,Credit Card,83.91,4537.56,2,No
CUST-1764,Male,0,No,No,63,Yes,No,No,No,Month-to-Month,Yes,Bank Transfer,26.7,1670.7,3,Yes
CUST-1765,Female,0,No,No,53,Yes,DSL,No,No,One Year,Yes,Bank Transfer,72.14,3812.18,5,No
CUST-1766,Female,0,Yes,Yes,69,Yes,No,No,No,Month-to-Month,No,Mailed Check,35.12,2404.08,5,Yes
CUST-1767,Female,1,No,No,46,Yes,No,No,No,Month-to-Month,Yes,Mailed Check,29.05,1324.24,1,No
CUST-1768,Female,0,Yes,No,21,No,DSL,No,Yes,Two Year,Yes,Electronic Check,60.9,1259.7,4,Yes
CUST-1769,Female,0,Yes,Yes,37,Yes,Fiber Optic,Yes,Yes,One Year,Yes,Credit Card,101.38,3736.31,5,No
CUST-1770,Male,1,No,No,3,Yes,No,No,No,Two Year,Yes,Electronic Check,38.4,126.9,1,No
CUST-1771,Female,0,No,No,66,Yes,DSL,No,No,Month-to-Month,Yes,Bank Transfer,84.23,5562.23,3,Yes
CUST-1772,Male,0,No,No,72,Yes,DSL,Yes,No,Month-to-Month,No,Credit Card,83.79,6043.39,5,Yes
CUST-1773,Male,0,Yes,No,30,Yes,DSL,Yes,No,One Year,Yes,Electronic Check,62.38,1858.17,3,No
CUST-1774,Male,1,No,No,67,Yes,No,No,No,Month-to-Month,Yes,Credit Card,26.3,1754.56,2,No
CUST-1775,Male,0,No,No,1,Yes,Fiber Optic,No,No,One Year,Yes,Bank Transfer,96.53,95.85,4,No
CUST-1776,Male,0,No,No,10,Yes,Fiber Optic,Yes,Yes,Month-to-Month,Yes,Credit Card,106.74,1051.95,3,Yes
CUST-1777,Female,1,No,No,52,Yes,Fiber Optic,No,No,Two Year,No,Bank Transfer,100.38,5214.63,5,Yes
CUST-1778,Female,0,Yes,No,67,Yes,DSL,No,Yes,One Year,Yes,Mailed Check,73.11,4911.55,0,No
CUST-1779,Male,1,Yes,Yes,40,Yes,Fiber Optic,Yes,No,One Year,Yes,Electronic Check,100.62,4028.58,0,No
CUST-1780,Male,0,Yes,Yes,36,Yes,DSL,No,No,Two Year,No,Bank Transfer,74.03,2670.74,1,Yes
CUST-1781,Male,1,Yes,No,23,Yes,Fiber Optic,Yes,No,One Year,No,Credit Card,90.23,2055.4,1,No
CUST-1782,Male,0,Yes,Yes,22,Yes,Fiber Optic,No,Yes,Month-to-Month,Yes,Credit Card,95.64,2102.95,2,Yes
CUST-1783,Male,0,No,No,49,Yes,No,No,No,One Year,No,Bank Transfer,40.97,2000.21,0,No
CUST-1784,Male,0,No,No,19,Yes,No,No,No,One Year,No,Bank Transfer,37.13,707.79,3,No
CUST-1785,Male,1,No,No,60,Yes,DSL,No,Yes,Two Year,Yes,Credit Card,69.36,4178.93,0,No
CUST-1786,Female,0,Yes,No,43,Yes,DSL,No,Yes,Two Year,No,Electronic Check,76.18,3281.41,3,Yes
CUST-1787,Female,0,Yes,Yes,61,No,No,No,No,One Year,No,Mailed Check,31.84,1957.24,4,No
CUST-1788,Male,0,Yes,Yes,17,Yes,Fiber Optic,Yes,No,Two Year,Yes,Bank Transfer,87.44,1488.24,1,No
CUST-1789,Male,0,No,No,22,No,No,No,No,Two Year,No,Electronic Check,43.51,953.35,5,No
CUST-1790,Male,0,Yes,No,11,Yes,Fiber Optic,No,Yes,Two Year,No,Mailed Check,100.88,1123.36,0,Yes
CUST-1791,Female,1,No,No,12,Yes,DSL,Yes,Yes,Month-to-Month,Yes,Electronic Check,64.64,779.33,0,No
CUST-1792,Male,0,No,No,59,Yes,No,No,No,Month-to-Month,No,Mailed Check,38.69,2292.23,2,Yes
CUST-1793,Female,0,Yes,No,53,Yes,Fiber Optic,No,Yes,Month-to-Month,No,Bank Transfer,102.44,5419.9,3,Yes
CUST-1794,Female,0,No,No,22,Yes,No,No,No,One Year,Yes,Mailed Check,44.84,983.83,5,No
CUST-1795,Female,0,No,No,12,Yes,Fiber Optic,No,Yes,One Year,No,Electronic Check,108.05,1297.28,5,Yes
CUST-1796,Male,0,No,No,48,Yes,No,No,No,Two Year,Yes,Bank Transfer,37.53,1806.62,0,Yes
CUST-1797,Female,0,Yes,Yes,46,Yes,DSL,Yes,Yes,One Year,No,Credit Card,78.27,3599.36,1,No
CUST-1798,Female,0,No,No,52,Yes,Fiber Optic,Yes,No,One Year,No,Credit Card,99.83,5177.72,1,No
CUST-1799,Male,0,Yes,Yes,43,Yes,Fiber Optic,Yes,No,Month-to-Month,No,Credit Card,94.9,4079.12,5,Yes
CUST-1800,Male,0,Yes,Yes,31,Yes,DSL,Yes,Yes,Month-to-Month,No,Electronic Check,71.93,2223.62,3,Yes
CUST-1801,Female,0,No,No,49,Yes,No,No,No,Month-to-Month,Yes,Credit Card,23.21,1147.81,1,Yes
CUST-1802,Female,0,No,No,51,Yes,DSL,No,Yes,Month-to-Month,Yes,Mailed Check,69.23,3524.32,0,No
CUST-1803,Female,0,Yes,Yes,64,Yes,Fiber Optic,No,No,Month-to-Month,No,Credit Card,101.35,6483.43,2,Yes
CUST-1804,Female,1,No,No,23,Yes,No,No,No,Two Year,Yes,Credit Card,40.16,917.53,5,Yes
CUST-1805,Female,0,Yes,Yes,41,Yes,No,No,No,One Year,No,Electronic Check,32.15,1336.55,3,Yes
CUST-1806,Male,0,No,No,15,Yes,DSL,No,No,Two Year,No,Bank Transfer,62.79,929.0,3,No
CUST-1807,Female,0,Yes,Yes,1,Yes,No,No,No,Two Year,No,Mailed Check,32.87,37.45,3,Yes
CUST-1808,Female,0,Yes,No,59,Yes,No,No,No,Two Year,No,Bank Transfer,30.64,1814.76,0,No
CUST-1809,Male,0,No,No,3,Yes,DSL,Yes,Yes,One Year,Yes,Credit Card,66.22,182.02,0,Yes
CUST-1810,Male,0,No,No,36,Yes,DSL,Yes,No,Month-to-Month,Yes,Bank Transfer,69.32,2481.39,5,Yes
CUST-1811,Male,0,Yes,No,39,Yes,Fiber Optic,Yes,No,Two Year,Yes,Credit Card,109.13,4267.82,4,Yes
CUST-1812,Female,0,Yes,Yes,48,Yes,Fiber Optic,No,No,Two Year,Yes,Bank Transfer,97.54,4663.75,3,No
CUST-1813,Female,0,No,No,27,Yes,DSL,Yes,No,One Year,No,Bank Transfer,62.43,1674.6,5,Yes
CUST-1814,Male,0,No,No,54,Yes,DSL,No,No,Two Year,Yes,Bank Transfer,68.51,3693.39,3,Yes
CUST-1815,Female,0,Yes,No,33,Yes,No,No,No,Two Year,Yes,Credit Card,34.03,1116.8,1,No
CUST-1816,Female,0,No,No,58,Yes,Fiber Optic,Yes,Yes,Two Year,No,Credit Card,95.38,5542.64,2,No
CUST-1817,Female,0,No,No,69,Yes,No,No,No,Month-to-Month,Yes,Credit Card,25.46,1776.43,4,Yes
CUST-1818,Male,0,No,No,71,Yes,Fiber Optic,No,No,One Year,No,Electronic Check,101.61,7221.78,5,No
CUST-1819,Female,0,No,No,29,Yes,DSL,No,No,One Year,Yes,Mailed Check,70.0,2010.13,2,No
CUST-1820,Male,0,Yes,No,54,No,DSL,Yes,Yes,Two Year,Yes,Mailed Check,75.24,4063.09,0,No
CUST-1821,Female,0,No,No,32,Yes,No,No,No,One Year,Yes,Bank Transfer,20.57,662.29,5,Yes
CUST-1822,Male,0,Yes,No,48,Yes,Fiber Optic,Yes,No,Two Year,Yes,Bank Transfer,88.32,4221.95,0,Yes
CUST-1823,Female,0,No,No,31,Yes,DSL,Yes,No,Month-to-Month,Yes,Credit Card,78.05,2402.34,5,Yes
CUST-1824,Female,0,No,No,50,Yes,DSL,No,Yes,Two Year,Yes,Credit Card,72.02,3610.04,2,No
CUST-1825,Male,0,No,No,55,Yes,Fiber Optic,Yes,No,Two Year,Yes,Mailed Check,94.16,5185.06,1,No
CUST-1826,Female,0,Yes,No,10,Yes,No,No,No,One Year,Yes,Bank Transfer,28.56,293.17,2,No
CUST-1827,Female,0,Yes,Yes,19,Yes,Fiber Optic,Yes,No,Two Year,No,Bank Transfer,92.67,1769.36,4,No
CUST-1828,Female,0,No,No,20,Yes,No,No,No,Month-to-Month,Yes,Bank Transfer,41.48,819.89,1,Yes
CUST-1829,Male,0,Yes,Yes,34,Yes,No,No,No,Two Year,No,Credit Card,35.46,1192.46,2,No
CUST-1830,Female,0,No,No,63,Yes,No,No,No,One Year,Yes,Credit Card,42.43,2653.66,0,No
CUST-1831,Female,0,Yes,No,16,Yes,DSL,No,No,Two Year,Yes,Mailed Check,78.53,1251.02,0,No
CUST-1832,Male,0,Yes,No,71,No,No,No,No,Two Year,Yes,Electronic Check,31.17,2213.99,1,No
CUST-1833,Male,0,Yes,Yes,59,Yes,No,No,No,One Year,No,Electronic Check,38.58,2285.55,0,No
CUST-1834,Male,0,Yes,Yes,30,Yes,No,No,No,One Year,No,Electronic Check,33.42,1013.86,2,No
CUST-1835,Male,0,Yes,No,11,Yes,Fiber Optic,Yes,No,One Year,Yes,Credit Card,106.53,1156.29,3,No
CUST-1836,Male,0,No,No,1,Yes,DSL,No,No,Two Year,Yes,Bank Transfer,72.68,73.25,5,Yes
CUST-1837,Male,0,No,No,57,Yes,Fiber Optic,No,Yes,One Year,No,Credit Card,89.08,5060.18,3,No
CUST-1838,Male,0,No,No,44,Yes,No,No,No,Month-to-Month,Yes,Electronic Check,39.07,1707.61,4,Yes
CUST-1839,Female,1,No,No,27,Yes,Fiber Optic,No,Yes,Month-to-Month,No,Mailed Check,106.31,2874.77,1,Yes
CUST-1840,Female,0,No,No,35,Yes,DSL,No,No,One Year,Yes,Bank Transfer,68.34,2386.06,5,Yes
CUST-1841,Female,0,No,No,54,Yes,DSL,Yes,No,One Year,Yes,Credit Card,79.18,4256.5,5,Yes
CUST-1842,Female,0,No,No,4,Yes,DSL,No,Yes,Month-to-Month,No,Bank Transfer,62.67,240.41,2,No
CUST-1843,Female,0,Yes,No,63,Yes,No,No,No,Two Year,No,Electronic Check,22.54,1425.61,2,No
CUST-1844,Female,0,Yes,No,18,Yes,Fiber Optic,No,No,Month-to-Month,Yes,Bank Transfer,99.35,1790.77,3,Yes
CUST-1845,Female,0,No,No,3,Yes,Fiber Optic,No,No,One Year,Yes,Mailed Check,93.03,268.2,2,Yes
CUST-1846,Female,0,Yes,Yes,16,Yes,DSL,No,No,Month-to-Month,Yes,Bank Transfer,60.41,964.05,0,No
CUST-1847,Female,0,No,No,37,Yes,No,No,No,Month-to-Month,Yes,Electronic Check,44.36,1652.54,4,Yes
CUST-1848,Male,0,No,No,25,Yes,No,No,No,One Year,No,Credit Card,31.28,797.22,5,Yes
CUST-1849,Female,1,No,No,59,Yes,No,No,No,Two Year,No,Electronic Check,30.04,1764.11,4,No
CUST-1850,Male,1,No,No,55,Yes,Fiber Optic,No,No,Two Year,Yes,Bank Transfer,107.33,5911.75,4,Yes
CUST-1851,Male,0,Yes,Yes,4,Yes,Fiber Optic,Yes,No,Month-to-Month,No,Bank Transfer,108.21,439.17,1,Yes
CUST-1852,Female,0,Yes,Yes,46,Yes,DSL,Yes,No,Month-to-Month,No,Mailed Check,69.51,3195.33,3,Yes
CUST-1853,Female,0,Yes,Yes,23,Yes,No,No,No,Two Year,Yes,Mailed Check,38.92,879.97,3,No
CUST-1854,Female,0,No,No,54,Yes,Fiber Optic,No,No,One Year,Yes,Credit Card,85.4,4606.8,3,Yes
CUST-1855,Male,0,No,No,9,Yes,No,No,No,One Year,Yes,Electronic Check,36.26,338.75,3,Yes
CUST-1856,Female,0,No,No,6,Yes,Fiber Optic,Yes,Yes,Month-to-Month,Yes,Mailed Check,102.38,624.77,0,Yes
CUST-1857,Male,0,No,No,48,Yes,Fiber Optic,No,Yes,Month-to-Month,Yes,Mailed Check,94.13,4535.24,1,Yes
CUST-1858,Male,0,No,No,34,Yes,Fiber Optic,Yes,No,Month-to-Month,No,Electronic Check,103.37,3500.35,3,Yes
CUST-1859,Female,0,Yes,Yes,13,Yes,Fiber Optic,Yes,No,Month-to-Month,Yes,Credit Card,96.61,1252.53,4,Yes
CUST-1860,Male,0,No,No,33,Yes,No,No,No,Two Year,No,Electronic Check,31.94,1063.97,4,Yes
CUST-1861,Male,0,Yes,Yes,11,Yes,No,No,No,One Year,No,Electronic Check,26.24,278.67,5,No
CUST-1862,Female,0,No,No,67,Yes,DSL,Yes,No,One Year,No,Mailed Check,74.48,5007.54,0,No
CUST-1863,Female,0,Yes,Yes,2,Yes,Fiber Optic,Yes,Yes,One Year,No,Electronic Check,99.3,197.95,2,Yes
CUST-1864,Female,0,Yes,No,34,Yes,Fiber Optic,No,No,One Year,Yes,Bank Transfer,93.52,3194.56,4,Yes
CUST-1865,Male,0,No,No,67,Yes,DSL,No,Yes,Two Year,Yes,Electronic Check,65.68,4398.86,0,Yes
CUST-1866,Female,1,No,No,40,Yes,No,No,No,Month-to-Month,Yes,Credit Card,40.5,1635.42,4,Yes
CUST-1867,Male,0,Yes,No,68,Yes,Fiber Optic,Yes,No,Two Year,Yes,Mailed Check,94.36,6400.49,1,No
CUST-1868,Male,0,Yes,No,26,Yes,DSL,No,No,Two Year,No,Credit Card,71.7,1849.64,2,Yes
CUST-1869,Female,0,No,No,27,No,No,No,No,Two Year,Yes,Electronic Check,38.88,1035.37,3,No
CUST-1870,Male,0,Yes,No,51,Yes,Fiber Optic,No,Yes,Month-to-Month,No,Mailed Check,107.32,5458.26,5,Yes
CUST-1871,Male,0,Yes,No,42,Yes,Fiber Optic,No,Yes,Two Year,No,Mailed Check,101.51,4255.37,0,No
CUST-1872,Female,1,No,No,35,No,Fiber Optic,No,No,Month-to-Month,No,Credit Card,99.62,3501.75,5,No
CUST-1873,Female,0,Yes,Yes,12,No,No,No,No,Two Year,No,Mailed Check,41.73,507.36,5,No
CUST-1874,Female,1,Yes,No,36,No,No,No,No,Two Year,No,Credit Card,36.67,1310.17,2,Yes
CUST-1875,Male,0,No,No,32,Yes,Fiber Optic,No,No,Month-to-Month,No,Credit Card,100.17,3220.26,5,Yes
CUST-1876,Male,0,Yes,Yes,16,No,Fiber Optic,No,No,One Year,Yes,Bank Transfer,101.18,1616.49,3,Yes
CUST-1877,Male,0,No,No,4,Yes,Fiber Optic,Yes,No,Month-to-Month,No,Credit Card,105.05,429.36,2,Yes
CUST-1878,Female,0,Yes,No,58,Yes,DSL,No,No,Month-to-Month,Yes,Bank Transfer,78.52,4564.29,1,No
CUST-1879,Male,0,Yes,No,40,Yes,No,No,No,Month-to-Month,No,Bank Transfer,35.54,1427.18,3,Yes
CUST-1880,Female,0,No,No,47,Yes,Fiber Optic,No,Yes,Month-to-Month,Yes,Bank Transfer,107.72,5070.85,4,Yes
CUST-1881,Male,0,Yes,Yes,12,Yes,No,No,No,Two Year,No,Bank Transfer,23.64,277.29,2,No
CUST-1882,Female,1,No,No,11,Yes,Fiber Optic,No,Yes,Month-to-Month,Yes,Bank Transfer,85.66,931.24,5,No
CUST-1883,Male,0,No,No,28,Yes,DSL,Yes,Yes,Two Year,No,Credit Card,70.36,1972.13,4,Yes
CUST-1884,Male,0,No,No,50,Yes,No,No,No,One Year,No,Credit Card,29.26,1479.0,1,No
CUST-1885,Female,1,Yes,No,32,Yes,No,No,No,Month-to-Month,Yes,Credit Card,33.38,1052.35,4,Yes
CUST-1886,Female,0,Yes,No,35,Yes,Fiber Optic,No,No,One Year,No,Electronic Check,108.83,3795.9,4,Yes
CUST-1887,Male,0,No,No,19,Yes,DSL,Yes,No,Two Year,No,Electronic Check,77.84,1478.59,5,No
CUST-1888,Male,0,Yes,No,40,Yes,No,No,No,One Year,No,Mailed Check,34.25,1385.04,3,Yes
CUST-1889,Female,0,Yes,No,16,Yes,Fiber Optic,Yes,No,Two Year,Yes,Mailed Check,91.22,1463.58,1,No
CUST-1890,Male,0,No,No,16,Yes,Fiber Optic,No,No,One Year,No,Credit Card,88.46,1409.09,0,Yes
CUST-1891,Male,0,No,No,64,Yes,DSL,No,Yes,Month-to-Month,No,Electronic Check,68.49,4393.43,4,Yes
CUST-1892,Male,0,Yes,No,13,Yes,No,No,No,Month-to-Month,Yes,Bank Transfer,29.62,366.17,4,Yes
CUST-1893,Male,0,Yes,No,24,Yes,DSL,Yes,Yes,Two Year,No,Mailed Check,82.29,1983.21,1,No
CUST-1894,Female,1,Yes,Yes,40,No,Fiber Optic,No,Yes,Two Year,Yes,Electronic Check,97.44,3901.74,4,No
CUST-1895,Female,0,No,No,58,No,No,No,No,Two Year,Yes,Bank Transfer,26.16,1502.94,3,Yes
CUST-1896,Female,1,Yes,No,13,Yes,Fiber Optic,No,No,Two Year,Yes,Bank Transfer,93.01,1207.05,1,Yes
CUST-1897,Female,0,No,No,11,Yes,DSL,Yes,No,Two Year,No,Credit Card,67.65,763.84,2,No
CUST-1898,Male,0,Yes,Yes,12,Yes,No,No,No,Two Year,Yes,Bank Transfer,38.48,463.13,0,No
CUST-1899,Female,0,Yes,No,66,Yes,Fiber Optic,No,Yes,Month-to-Month,Yes,Credit Card,108.75,7193.19,5,Yes
CUST-1900,Male,0,Yes,Yes,49,Yes,No,No,No,Month-to-Month,No,Electronic Check,42.61,2094.27,2,No
CUST-1901,Female,0,No,No,52,Yes,Fiber Optic,Yes,No,One Year,No,Mailed Check,108.51,5648.65,2,No
CUST-1902,Male,0,No,No,49,Yes,Fiber Optic,No,No,Two Year,Yes,Credit Card,86.04,4226.65,1,No
CUST-1903,Male,1,Yes,Yes,21,No,DSL,Yes,Yes,Two Year,No,Mailed Check,83.59,1745.65,5,No
CUST-1904,Female,0,No,No,37,Yes,DSL,Yes,Yes,One Year,Yes,Electronic Check,73.87,2733.11,1,No
CUST-1905,Male,0,Yes,Yes,30,Yes,DSL,Yes,Yes,Two Year,Yes,Mailed Check,70.9,2121.84,5,Yes
CUST-1906,Male,0,Yes,Yes,41,Yes,Fiber Optic,Yes,No,One Year,Yes,Bank Transfer,96.55,3974.61,0,No
CUST-1907,Male,0,Yes,Yes,24,Yes,DSL,No,Yes,One Year,Yes,Mailed Check,75.04,1792.47,1,Yes
CUST-1908,Female,1,Yes,No,67,Yes,No,No,No,Two Year,Yes,Bank Transfer,29.26,1946.16,0,No
CUST-1909,Male,0,Yes,No,16,Yes,No,No,No,Month-to-Month,Yes,Electronic Check,36.22,595.95,4,Yes
CUST-1910,Female,0,No,No,58,No,Fiber Optic,No,No,One Year,No,Credit Card,107.99,6249.55,4,No
CUST-1911,Male,1,Yes,No,33,Yes,DSL,Yes,No,One Year,Yes,Electronic Check,71.5,2367.93,4,No
CUST-1912,Female,1,No,No,27,No,DSL,No,No,Two Year,No,Credit Card,83.81,2261.41,2,No
CUST-1913,Female,1,Yes,Yes,28,Yes,No,No,No,Month-to-Month,No,Credit Card,33.71,954.44,3,Yes
CUST-1914,Female,0,Yes,No,14,Yes,DSL,No,No,Month-to-Month,Yes,Mailed Check,68.44,973.76,5,Yes
CUST-1915,Female,0,No,No,4,Yes,DSL,Yes,No,Two Year,Yes,Credit Card,74.38,309.55,1,No
CUST-1916,Female,0,Yes,No,41,Yes,No,No,No,Two Year,Yes,Electronic Check,39.67,1609.9,0,No
CUST-1917,Male,0,Yes,No,46,Yes,Fiber Optic,Yes,No,Month-to-Month,No,Bank Transfer,99.59,4594.27,3,Yes
CUST-1918,Male,0,Yes,Yes,20,Yes,Fiber Optic,No,Yes,Two Year,No,Bank Transfer,102.25,2061.15,0,No
CUST-1919,Male,0,Yes,Yes,18,Yes,DSL,No,No,Month-to-Month,Yes,Bank Transfer,83.27,1502.26,1,Yes
CUST-1920,Male,0,No,No,44,No,DSL,Yes,Yes,Month-to-Month,No,Credit Card,82.92,3632.92,5,Yes
CUST-1921,Female,0,Yes,No,64,Yes,No,No,No,One Year,Yes,Bank Transfer,41.28,2629.6,2,No
CUST-1922,Male,0,Yes,Yes,31,Yes,DSL,No,No,One Year,Yes,Bank Transfer,78.75,2451.64,3,No
CUST-1923,Female,0,Yes,Yes,3,Yes,Fiber Optic,No,No,One Year,Yes,Bank Transfer,102.42,300.69,4,No
CUST-1924,Female,0,No,No,17,No,No,No,No,One Year,Yes,Credit Card,27.04,443.01,3,No
CUST-1925,Male,0,No,No,66,Yes,Fiber Optic,Yes,Yes,Month-to-Month,Yes,Mailed Check,94.33,6211.94,1,No
CUST-1926,Male,1,Yes,No,10,Yes,No,No,No,One Year,No,Electronic Check,35.31,335.35,1,Yes
CUST-1927,Male,0,Yes,Yes,56,Yes,Fiber Optic,Yes,Yes,Two Year,Yes,Credit Card,93.01,5209.73,3,No
CUST-1928,Female,0,Yes,No,37,Yes,No,No,No,Month-to-Month,No,Mailed Check,32.69,1192.71,1,Yes
CUST-1929,Male,0,Yes,Yes,24,Yes,Fiber Optic,Yes,No,Two Year,No,Credit Card,97.67,2335.5,3,Yes
CUST-1930,Female,0,Yes,No,37,Yes,Fiber Optic,Yes,Yes,One Year,No,Electronic Check,100.5,3731.21,0,No
CUST-1931,Female,1,Yes,No,47,Yes,No,No,No,Two Year,Yes,Bank Transfer,38.18,1787.22,2,No
CUST-1932,Female,0,No,No,63,Yes,No,No,No,Month-to-Month,Yes,Mailed Check,21.07,1321.53,3,No
CUST-1933,Female,0,No,No,60,Yes,DSL,No,Yes,Month-to-Month,No,Credit Card,83.74,5039.33,2,Yes
CUST-1934,Male,0,Yes,No,23,Yes,Fiber Optic,Yes,Yes,Month-to-Month,No,Credit Card,88.75,2034.74,0,Yes
CUST-1935,Male,0,No,No,30,Yes,No,No,No,Two Year,No,Credit Card,30.88,940.46,3,No
CUST-1936,Male,0,Yes,Yes,42,Yes,No,No,No,One Year,Yes,Mailed Check,32.97,1384.51,1,No
CUST-1937,Male,0,Yes,No,40,Yes,DSL,Yes,Yes,Two Year,No,Bank Transfer,78.12,3137.08,1,No
CUST-1938,Female,1,No,No,48,Yes,Fiber Optic,No,Yes,One Year,No,Bank Transfer,98.87,4748.85,2,No
CUST-1939,Male,0,Yes,Yes,32,Yes,DSL,Yes,No,Two Year,Yes,Credit Card,78.75,2524.94,0,No
CUST-1940,Female,0,No,No,9,Yes,Fiber Optic,No,Yes,One Year,Yes,Credit Card,91.16,825.76,2,Yes
CUST-1941,Female,0,No,No,41,Yes,DSL,Yes,Yes,Two Year,Yes,Bank Transfer,78.34,3221.36,1,No
CUST-1942,Female,0,No,No,55,Yes,Fiber Optic,No,No,Month-to-Month,Yes,Bank Transfer,85.63,4715.72,3,Yes
CUST-1943,Female,0,Yes,No,49,Yes,No,No,No,One Year,No,Electronic Check,43.42,2125.82,1,No
CUST-1944,Female,0,Yes,No,3,Yes,DSL,No,No,Month-to-Month,No,Credit Card,73.75,226.41,5,Yes
CUST-1945,Male,0,Yes,No,42,Yes,No,No,No,Month-to-Month,Yes,Mailed Check,32.42,1378.72,1,Yes
CUST-1946,Male,0,Yes,Yes,47,No,DSL,Yes,No,One Year,Yes,Credit Card,70.01,3272.96,3,No
CUST-1947,Female,0,Yes,Yes,58,Yes,DSL,Yes,Yes,Month-to-Month,Yes,Electronic Check,76.07,4419.95,3,Yes
CUST-1948,Male,0,Yes,Yes,65,Yes,DSL,No,Yes,Two Year,No,Credit Card,60.59,3946.94,3,No
CUST-1949,Male,0,Yes,Yes,30,Yes,Fiber Optic,No,Yes,Two Year,No,Mailed Check,94.93,2833.99,0,No
CUST-1950,Female,0,No,No,66,Yes,Fiber Optic,No,No,Month-to-Month,No,Bank Transfer,94.82,6264.14,3,Yes
CUST-1951,Female,0,Yes,Yes,50,Yes,No,No,No,Month-to-Month,Yes,Bank Transfer,40.82,2047.97,4,No
CUST-1952,Female,0,Yes,No,28,Yes,DSL,Yes,Yes,Month-to-Month,No,Mailed Check,72.49,2038.52,5,Yes
CUST-1953,Female,0,Yes,No,62,Yes,DSL,Yes,Yes,Two Year,Yes,Electronic Check,81.32,5046.61,0,No
CUST-1954,Male,0,No,No,21,Yes,DSL,Yes,Yes,One Year,No,Electronic Check,67.0,1413.15,2,No
CUST-1955,Male,0,No,No,59,No,Fiber Optic,Yes,Yes,One Year,Yes,Electronic Check,87.81,5189.78,3,No
CUST-1956,Female,0,No,No,9,Yes,Fiber Optic,Yes,Yes,One Year,No,Electronic Check,85.93,770.67,3,Yes
CUST-1957,Male,0,Yes,Yes,36,Yes,No,No,No,One Year,Yes,Bank Transfer,20.61,732.84,1,Yes
CUST-1958,Female,0,Yes,No,72,No,DSL,Yes,Yes,One Year,No,Electronic Check,74.95,5394.65,3,No
CUST-1959,Female,0,No,No,71,Yes,DSL,No,No,Month-to-Month,No,Bank Transfer,71.69,5083.89,2,Yes
CUST-1960,Female,0,No,No,47,No,Fiber Optic,No,Yes,One Year,No,Credit Card,96.27,4526.26,5,Yes
CUST-1961,Male,0,Yes,No,70,Yes,No,No,No,Month-to-Month,Yes,Mailed Check,40.62,2839.25,3,No
CUST-1962,Male,0,Yes,No,71,Yes,Fiber Optic,Yes,No,One Year,Yes,Bank Transfer,103.3,7346.18,4,No
CUST-1963,Female,0,No,No,53,Yes,Fiber Optic,Yes,No,Month-to-Month,Yes,Electronic Check,107.33,5707.26,0,Yes
CUST-1964,Male,0,No,No,31,Yes,DSL,Yes,Yes,Month-to-Month,Yes,Electronic Check,60.78,1869.02,1,No
CUST-1965,Male,1,No,No,16,Yes,DSL,No,Yes,Two Year,No,Bank Transfer,69.69,1103.38,3,No
CUST-1966,Female,0,Yes,No,5,Yes,DSL,Yes,No,Two Year,No,Credit Card,78.82,404.89,3,No
CUST-1967,Female,0,No,No,4,Yes,DSL,Yes,No,One Year,Yes,Electronic Check,66.13,277.75,5,No
CUST-1968,Female,0,No,No,31,Yes,DSL,Yes,No,One Year,No,Mailed Check,75.34,2319.34,5,Yes
CUST-1969,Male,0,No,No,9,Yes,DSL,No,No,Two Year,Yes,Bank Transfer,74.64,679.69,3,Yes
CUST-1970,Female,0,Yes,Yes,38,Yes,DSL,Yes,Yes,Month-to-Month,Yes,Credit Card,72.16,2722.31,5,No
CUST-1971,Male,0,Yes,No,24,Yes,No,No,No,Two Year,No,Mailed Check,37.85,920.74,0,Yes
CUST-1972,Male,1,Yes,No,64,Yes,No,No,No,One Year,Yes,Bank Transfer,35.87,2279.93,3,Yes
CUST-1973,Female,0,No,No,9,Yes,DSL,No,No,One Year,Yes,Mailed Check,63.03,553.75,4,Yes
CUST-1974,Male,0,No,No,72,Yes,Fiber Optic,Yes,No,Month-to-Month,Yes,Mailed Check,90.06,6476.33,5,Yes
CUST-1975,Male,0,Yes,Yes,68,Yes,No,No,No,Two Year,Yes,Bank Transfer,42.01,2842.16,1,No
CUST-1976,Male,0,No,No,62,Yes,Fiber Optic,Yes,No,Two Year,Yes,Mailed Check,101.68,6318.47,1,No
CUST-1977,Male,0,Yes,Yes,32,Yes,DSL,No,Yes,One Year,No,Electronic Check,78.81,2503.64,2,No
CUST-1978,Male,0,No,No,51,Yes,Fiber Optic,Yes,No,Two Year,No,Mailed Check,91.03,4643.38,3,No
CUST-1979,Female,0,No,No,9,Yes,No,No,No,Month-to-Month,Yes,Bank Transfer,26.93,233.6,5,Yes
CUST-1980,Female,0,No,No,40,Yes,DSL,No,No,Two Year,Yes,Credit Card,68.43,2744.86,2,No
CUST-1981,Male,0,No,No,35,Yes,No,No,No,Two Year,Yes,Bank Transfer,43.17,1503.92,1,No
CUST-1982,Female,0,Yes,No,67,Yes,DSL,No,No,Two Year,Yes,Mailed Check,80.06,5371.55,1,No
CUST-1983,Female,0,No,No,27,Yes,No,No,No,Two Year,Yes,Electronic Check,38.11,1044.02,5,Yes
CUST-1984,Female,0,No,No,48,Yes,DSL,No,No,Two Year,No,Mailed Check,66.37,3168.64,0,No
CUST-1985,Female,1,Yes,No,64,Yes,No,No,No,Two Year,No,Credit Card,24.98,1580.76,3,No
CUST-1986,Female,0,No,No,56,Yes,Fiber Optic,Yes,Yes,Month-to-Month,No,Electronic Check,86.03,4800.49,0,Yes
CUST-1987,Female,1,Yes,No,27,Yes,No,No,No,Two Year,Yes,Electronic Check,22.79,634.4,5,Yes
CUST-1988,Female,0,Yes,No,71,Yes,Fiber Optic,Yes,Yes,Two Year,No,Mailed Check,89.3,6358.96,3,Yes
CUST-1989,Male,0,Yes,No,63,Yes,Fiber Optic,No,Yes,Month-to-Month,No,Mailed Check,107.3,6776.61,2,Yes
CUST-1990,Male,0,No,No,50,Yes,Fiber Optic,Yes,Yes,One Year,No,Credit Card,88.76,4453.52,4,No
CUST-1991,Male,0,No,No,27,Yes,DSL,No,No,One Year,Yes,Credit Card,72.69,1958.15,3,No
CUST-1992,Female,1,Yes,No,22,Yes,Fiber Optic,Yes,No,One Year,No,Bank Transfer,91.22,1998.47,1,No
CUST-1993,Female,0,Yes,Yes,58,Yes,Fiber Optic,No,No,One Year,No,Electronic Check,97.27,5650.63,3,Yes
CUST-1994,Female,0,No,No,47,No,DSL,No,Yes,Month-to-Month,Yes,Mailed Check,81.15,3833.22,2,Yes
CUST-1995,Male,1,Yes,Yes,71,Yes,Fiber Optic,No,No,Month-to-Month,No,Mailed Check,106.46,7549.8,1,Yes
CUST-1996,Female,0,Yes,Yes,12,Yes,No,No,No,Two Year,Yes,Bank Transfer,33.7,422.08,1,Yes
CUST-1997,Male,0,Yes,Yes,13,Yes,Fiber Optic,Yes,No,Two Year,No,Mailed Check,88.82,1171.95,1,No
CUST-1998,Female,0,No,No,66,Yes,No,No,No,Two Year,Yes,Credit Card,23.37,1524.35,1,No
CUST-1999,Male,0,No,No,36,Yes,DSL,Yes,Yes,Two Year,Yes,Mailed Check,76.0,2746.18,0,No
CUST-2000,Male,1,No,No,68,Yes,No,No,No,One Year,No,Credit Card,44.05,3013.13,2,No
